tractID,Median household income in the past 12 months (in 2024 inflation-adjusted dollars),Total:_x,Owner occupied,Renter occupied,Total:_y,White alone,Black or African American alone,American Indian and Alaska Native alone,Asian alone,Native Hawaiian and Other Pacific Islander alone,Some Other Race alone,Two or More Races:,Two races including Some Other Race,"Two races excluding Some Other Race, and three or more races",Median value (dollars),Total:,Less than 10.0 percent,10.0 to 14.9 percent,15.0 to 19.9 percent,20.0 to 24.9 percent,25.0 to 29.9 percent,30.0 to 34.9 percent,35.0 to 39.9 percent,40.0 to 49.9 percent,50.0 percent or more,Not computed,pct_owner_occ,pct_renter_occ,pct_white,pct_black,pct_asian,pct_amer_indian,pct_pacific_isl,pct_other_race,pct_two_plus_race,pct_renter_cost_burdened,pct_renter_severely_burdened,TRACTCE,GEOID
1.01,69577.0,1746,141,1605,3417,1693,652,0,422,0,131,519,199,320,791700.0,1605,24,93,210,328,188,80,198,140,294,50,0.08075601374570447,0.9192439862542955,0.4954638571846649,0.19081065261925667,0.12350014632718759,0.0,0.0,0.03833772314896108,0.15188762071992976,0.44361370716510906,0.18317757009345795,000101,53033000101
1.02,89840.0,2358,840,1518,4321,3121,362,0,431,0,226,181,49,132,985800.0,1518,30,35,106,226,166,156,67,313,320,99,0.356234096692112,0.6437659033078881,0.722286507752835,0.08377690349456145,0.09974542929877343,0.0,0.0,0.05230270770654941,0.041888451747280724,0.5638998682476943,0.21080368906455862,000102,53033000102
2.01,88833.0,2486,1269,1217,4953,2594,356,41,980,0,611,371,253,118,738600.0,1217,24,43,168,52,136,111,151,246,209,77,0.5104585679806919,0.4895414320193081,0.523722996163941,0.07187563093074904,0.19785988289925296,0.008277811427417727,0.0,0.12335958005249344,0.07490409852614577,0.5891536565324569,0.17173377156943304,000201,53033000201
2.02,138472.0,1549,1131,418,4404,2165,374,6,708,0,340,811,520,291,792500.0,418,46,0,68,9,44,7,7,27,150,60,0.7301484828921885,0.26985151710781147,0.4915985467756585,0.08492279745685741,0.16076294277929154,0.0013623978201634877,0.0,0.07720254314259764,0.18415077202543143,0.4569377990430622,0.3588516746411483,000202,53033000202
3,135536.0,1201,865,336,2926,1797,179,11,612,1,23,303,97,206,678600.0,336,11,23,105,27,54,20,0,48,41,7,0.720233139050791,0.279766860949209,0.614149008885851,0.061175666438824335,0.20915926179084074,0.0037593984962406013,0.0003417634996582365,0.00786056049213944,0.10355434039644566,0.3244047619047619,0.12202380952380952,000300,53033000300
4.02,128310.0,2669,1503,1166,5365,3763,91,0,426,7,169,909,701,208,789300.0,1166,84,93,144,66,348,128,16,39,167,81,0.563132259273136,0.436867740726864,0.7013979496738117,0.01696178937558248,0.07940354147250699,0.0,0.00130475302889096,0.031500465983224604,0.16943150046598324,0.30017152658662094,0.1432246998284734,000402,53033000402
4.03,65469.0,1815,601,1214,3285,2147,194,8,407,0,105,424,49,375,589000.0,1214,12,40,109,151,230,109,63,98,402,0,0.33112947658402203,0.668870523415978,0.6535768645357687,0.059056316590563165,0.123896499238965,0.0024353120243531205,0.0,0.0319634703196347,0.12907153729071538,0.5535420098846787,0.3311367380560132,000403,53033000403
4.04,45940.0,2093,272,1821,3668,1127,746,18,596,75,344,762,420,342,567600.0,1821,19,48,123,147,18,105,258,344,726,33,0.12995699952221693,0.870043000477783,0.30725190839694655,0.20338058887677207,0.1624863685932388,0.004907306434023991,0.02044711014176663,0.09378407851690294,0.20774263904034895,0.7869302580999451,0.3986820428336079,000404,53033000404
5,216471.0,1252,1187,65,3381,2484,134,46,292,0,40,385,97,288,1231200.0,65,0,5,9,0,0,0,0,25,17,9,0.9480830670926518,0.051916932907348244,0.7346938775510204,0.0396332446021887,0.08636498077491866,0.013605442176870748,0.0,0.011830819284235433,0.11387163561076605,0.6461538461538462,0.26153846153846155,000500,53033000500
6.01,100341.0,1823,876,947,4660,2704,431,9,750,74,83,609,240,369,877400.0,947,0,70,48,290,79,142,63,40,193,22,0.4805266044980801,0.51947339550192,0.5802575107296137,0.0924892703862661,0.1609442060085837,0.0019313304721030042,0.01587982832618026,0.017811158798283263,0.13068669527896995,0.4625131995776135,0.20380147835269272,000601,53033000601
6.02,116544.0,1442,860,582,3433,1771,181,43,554,0,171,713,248,465,811700.0,582,46,74,108,88,61,27,46,49,61,22,0.5963938973647711,0.40360610263522884,0.5158753277017186,0.05272356539469852,0.1613748907660938,0.012525487911447713,0.0,0.04981066122924556,0.20769006699679582,0.31443298969072164,0.10481099656357389,000602,53033000602
7,95431.0,2472,1054,1418,4857,3003,475,0,603,42,232,502,122,380,805600.0,1418,0,81,75,327,120,156,100,140,403,16,0.42637540453074435,0.5736245954692557,0.6182828906732551,0.09779699402923615,0.12415071031500927,0.0,0.008647313156269302,0.04776611076796376,0.10335598105826642,0.5634696755994358,0.2842031029619182,000700,53033000700
8,151528.0,1132,909,223,2661,2061,12,1,302,9,28,248,116,132,915400.0,223,0,26,11,32,13,60,12,13,55,1,0.8030035335689046,0.19699646643109542,0.7745208568207441,0.004509582863585118,0.11349116873355881,0.0003757985719654265,0.0033821871476888386,0.010522360015031942,0.09319804584742578,0.6278026905829597,0.24663677130044842,000800,53033000800
9,132083.0,884,727,157,1990,1554,0,0,283,0,22,131,36,95,1330900.0,157,5,15,21,12,23,7,13,0,32,29,0.8223981900452488,0.17760180995475114,0.7809045226130653,0.0,0.14221105527638192,0.0,0.0,0.011055276381909548,0.06582914572864322,0.33121019108280253,0.20382165605095542,000900,53033000900
10,153214.0,774,528,246,2150,1353,99,22,309,0,10,357,170,187,977800.0,246,42,33,32,23,14,13,16,13,56,4,0.6821705426356589,0.3178294573643411,0.6293023255813953,0.046046511627906975,0.14372093023255814,0.010232558139534883,0.0,0.004651162790697674,0.16604651162790698,0.3983739837398374,0.22764227642276422,001000,53033001000
11,155156.0,1068,742,326,2449,1594,116,0,395,0,79,265,222,43,894900.0,326,8,42,53,61,0,13,0,0,149,0,0.6947565543071161,0.3052434456928839,0.6508779093507554,0.04736627194773377,0.16129032258064516,0.0,0.0,0.03225806451612903,0.10820743160473663,0.49693251533742333,0.4570552147239264,001100,53033001100
12.01,49342.0,2404,497,1907,4351,2812,317,0,464,0,140,618,210,408,758000.0,1907,51,205,101,255,100,121,99,150,696,129,0.206738768718802,0.793261231281198,0.6462882096069869,0.07285681452539645,0.1066421512296024,0.0,0.0,0.03217651114686279,0.14203631349115145,0.5589931830099633,0.3649711588883062,001201,53033001201
12.02,96125.0,1834,504,1330,3932,1892,367,0,893,0,255,525,97,428,854000.0,1330,0,143,177,157,155,121,67,158,352,0,0.2748091603053435,0.7251908396946565,0.4811800610376399,0.09333672431332656,0.22711088504577823,0.0,0.0,0.06485249237029501,0.13351983723296032,0.524812030075188,0.2646616541353383,001202,53033001202
13,115208.0,2565,1016,1549,5552,2867,684,0,971,0,266,764,352,412,794000.0,1549,172,231,179,85,149,217,50,80,322,64,0.3961013645224172,0.6038986354775828,0.5163904899135446,0.12319884726224783,0.17489193083573487,0.0,0.0,0.047910662824207494,0.13760806916426513,0.4318915429309232,0.2078760490639122,001300,53033001300
14,133875.0,2204,1550,654,5257,3920,2,0,422,0,78,835,275,560,876300.0,654,0,0,72,69,144,45,81,61,182,0,0.7032667876588021,0.2967332123411978,0.7456724367509987,0.00038044512079132587,0.08027392048696975,0.0,0.0,0.014837359710861708,0.15883583793037853,0.5642201834862385,0.2782874617737003,001400,53033001400
15,193750.0,1131,983,148,2750,2312,2,0,143,0,27,266,86,180,1126700.0,148,33,7,35,40,0,9,0,0,14,10,0.8691423519009726,0.13085764809902742,0.8407272727272728,0.0007272727272727272,0.052,0.0,0.0,0.009818181818181818,0.09672727272727273,0.1554054054054054,0.0945945945945946,001500,53033001500
16,236500.0,2002,1580,422,4903,3749,36,0,489,0,89,540,188,352,1303300.0,422,0,128,28,79,86,29,0,33,39,0,0.7892107892107892,0.21078921078921078,0.7646338976137059,0.007342443401998776,0.09973485621048338,0.0,0.0,0.018152151743830308,0.11013665102998164,0.23933649289099526,0.0924170616113744,001600,53033001600
17.01,134375.0,2283,891,1392,4432,2783,217,17,607,26,168,614,166,448,626800.0,1392,50,99,301,190,217,140,0,106,239,50,0.3902759526938239,0.6097240473061761,0.6279332129963899,0.048962093862815886,0.13695848375451264,0.003835740072202166,0.0058664259927797835,0.03790613718411552,0.1385379061371841,0.3484195402298851,0.17169540229885058,001701,53033001701
17.02,122105.0,2432,1229,1203,5849,3998,99,77,749,0,174,752,409,343,889100.0,1203,56,13,206,145,226,123,147,100,146,41,0.5053453947368421,0.4946546052631579,0.6835356471191657,0.01692597025132501,0.1280560779620448,0.013164643528808343,0.0,0.029748674987177294,0.12856898615147888,0.428927680798005,0.12136325852036575,001702,53033001702
18,130855.0,2561,914,1647,4996,3144,93,23,997,105,210,424,79,345,869500.0,1647,108,275,113,217,227,197,139,106,265,0,0.35689183912534167,0.6431081608746584,0.6293034427542034,0.018614891913530825,0.19955964771817453,0.004603682946357086,0.021016813450760608,0.042033626901521216,0.08486789431545236,0.42926533090467517,0.16089860352155433,001800,53033001800
19,141494.0,2354,1203,1151,5242,3620,217,40,788,0,115,462,55,407,915800.0,1151,43,167,108,201,65,40,111,130,246,40,0.5110450297366185,0.48895497026338147,0.6905761159862648,0.04139641358260206,0.15032430370087752,0.007630675314765357,0.0,0.021938191529950402,0.08813429988553988,0.4578627280625543,0.21372719374456994,001900,53033001900
20,150219.0,1529,1047,482,4019,2933,67,2,564,0,35,418,166,252,890200.0,482,12,45,43,119,72,42,19,63,53,14,0.6847612818835841,0.31523871811641596,0.7297835282408559,0.016670813635232644,0.14033341627270465,0.0004976362279173924,0.0,0.008708633988554367,0.104005971634735,0.36721991701244816,0.10995850622406639,002000,53033002000
21,150529.0,2155,1392,763,5000,3480,79,19,748,0,175,499,97,402,943300.0,763,4,47,185,41,126,0,40,48,243,29,0.645939675174014,0.3540603248259861,0.696,0.0158,0.1496,0.0038,0.0,0.035,0.0998,0.4338138925294889,0.31847968545216254,002100,53033002100
22,196167.0,2379,1841,538,6381,4264,219,29,1184,0,35,650,277,373,1245900.0,538,33,0,160,50,116,0,22,18,85,54,0.7738545607398066,0.22614543926019337,0.6682338191506033,0.03432063939821345,0.18555085409810373,0.004544742203416392,0.0,0.005485033693778405,0.10186491145588465,0.23234200743494424,0.1579925650557621,002200,53033002200
24,176838.0,1383,1009,374,2938,2367,15,0,272,25,10,249,54,195,1157100.0,374,9,39,68,8,30,58,34,23,81,24,0.7295733911785972,0.27042660882140274,0.8056501021102791,0.0051055139550714775,0.09257998638529612,0.0,0.00850918992511913,0.0034036759700476512,0.08475153165418652,0.5240641711229946,0.21657754010695188,002400,53033002400
25,178173.0,1327,984,343,3295,2452,0,12,481,0,12,338,153,185,1037500.0,343,32,10,46,55,66,11,38,19,58,8,0.7415222305953278,0.2584777694046722,0.7441578148710167,0.0,0.14597875569044005,0.0036418816388467377,0.0,0.0036418816388467377,0.10257966616084978,0.3673469387755102,0.16909620991253643,002500,53033002500
26,190750.0,2271,1351,920,5654,4270,0,0,748,0,42,594,98,496,1157800.0,920,32,72,55,54,147,25,158,144,206,27,0.5948921180096873,0.4051078819903126,0.7552175451008136,0.0,0.13229571984435798,0.0,0.0,0.007428369296073576,0.10505836575875487,0.5793478260869566,0.22391304347826088,002600,53033002600
27,212544.0,2413,1682,731,6008,4653,31,68,746,14,20,476,148,328,1073800.0,731,20,97,123,165,136,62,22,43,63,0,0.6970576046415251,0.30294239535847495,0.7744673768308922,0.005159786950732357,0.12416777629826897,0.011318242343541944,0.002330226364846871,0.003328894806924101,0.0792276964047936,0.25991792065663477,0.08618331053351573,002700,53033002700
28,139955.0,2334,1468,866,5004,3737,213,0,312,5,54,683,178,505,1021600.0,866,16,111,53,254,52,110,106,11,33,120,0.6289631533847472,0.37103684661525277,0.746802557953637,0.042565947242206234,0.06235011990407674,0.0,0.0009992006394884093,0.01079136690647482,0.1364908073541167,0.3002309468822171,0.03810623556581986,002800,53033002800
29,175321.0,2164,1457,707,4645,3779,90,0,183,0,7,586,397,189,1074900.0,707,13,107,55,111,100,129,57,14,107,14,0.6732902033271719,0.3267097966728281,0.8135629709364909,0.0193756727664155,0.039397201291711516,0.0,0.0,0.0015069967707212056,0.12615715823466092,0.43422913719943423,0.15134370579915135,002900,53033002900
30,182500.0,2800,1886,914,6590,5235,150,0,378,0,127,700,177,523,984900.0,914,0,114,63,264,221,136,22,19,56,19,0.6735714285714286,0.3264285714285714,0.7943854324734446,0.02276176024279211,0.05735963581183612,0.0,0.0,0.01927162367223065,0.1062215477996965,0.2549234135667396,0.061269146608315096,003000,53033003000
31,191625.0,2745,2179,566,6742,5073,56,22,370,0,13,1208,744,464,1111200.0,566,0,39,206,73,56,0,17,44,87,44,0.7938069216757742,0.20619307832422587,0.7524473450014832,0.00830614061109463,0.0548798576090181,0.003263126668644319,0.0,0.001928211213289825,0.1791753188964699,0.26148409893992935,0.15371024734982333,003100,53033003100
32.01,131544.0,2729,1197,1532,4683,3451,59,0,611,0,286,276,76,200,1092000.0,1532,21,186,256,201,200,122,67,177,285,17,0.4386222059362404,0.5613777940637596,0.7369207772795217,0.012598761477685244,0.13047191970958788,0.0,0.0,0.0610719624172539,0.058936579115951314,0.42493472584856395,0.1860313315926893,003201,53033003201
32.02,175303.0,2224,1549,675,4831,3790,39,39,464,0,79,420,159,261,951600.0,675,37,40,56,144,148,78,28,58,86,0,0.6964928057553957,0.3035071942446043,0.7845166632167253,0.008072862761333057,0.0960463672117574,0.008072862761333057,0.0,0.016352722003725936,0.08693852204512523,0.37037037037037035,0.1274074074074074,003202,53033003202
33.01,131353.0,2245,734,1511,4157,3209,1,0,475,70,14,388,107,281,1064200.0,1511,43,225,284,206,185,68,174,132,194,0,0.32694877505567926,0.6730512249443207,0.7719509261486649,0.00024055809477988935,0.11426509502044743,0.0,0.016839066634592254,0.003367813326918451,0.09333654077459706,0.3759099933818663,0.128391793514229,003301,53033003301
33.02,153523.0,1725,892,833,3826,2859,19,0,414,0,129,405,271,134,926600.0,833,0,129,63,93,242,54,22,111,73,46,0.5171014492753623,0.48289855072463767,0.7472556194458965,0.004966021955044433,0.10820700470465237,0.0,0.0,0.033716675378985886,0.10585467851542081,0.31212484993997597,0.08763505402160865,003302,53033003302
34,186058.0,1417,1036,381,3580,2827,61,17,213,0,49,413,80,333,1167900.0,381,0,46,110,100,47,40,18,0,20,0,0.7311220889202541,0.26887791107974596,0.7896648044692738,0.017039106145251396,0.059497206703910614,0.0047486033519553075,0.0,0.013687150837988826,0.11536312849162011,0.2047244094488189,0.05249343832020997,003400,53033003400
35,151654.0,1851,1100,751,4099,3367,26,8,149,0,84,465,276,189,1198800.0,751,19,64,74,43,110,46,49,56,275,15,0.5942733657482442,0.4057266342517558,0.8214198585020737,0.006343010490363503,0.03635032934862162,0.0019516955354964625,0.0,0.020492803122712858,0.11344230300073188,0.5672436750998668,0.36617842876165113,003500,53033003500
36.01,111908.0,1883,917,966,3507,2580,50,13,400,0,153,311,71,240,997500.0,966,40,128,83,111,84,92,27,75,309,17,0.48698884758364314,0.5130111524163569,0.7356715141146278,0.014257199885942401,0.11405759908753921,0.0037068719703450244,0.0,0.04362703165098375,0.08867978329056174,0.520703933747412,0.3198757763975155,003601,53033003601
36.02,110991.0,3326,406,2920,4493,2547,232,15,947,0,205,547,318,229,770200.0,2920,91,81,615,621,348,198,125,222,592,27,0.12206855081178593,0.8779314491882141,0.5668818161584688,0.05163587803249499,0.21077231248608946,0.0033385265969285557,0.0,0.04562653015802359,0.12174493656799466,0.38938356164383564,0.20273972602739726,003602,53033003602
38,183068.0,889,573,316,2325,1534,90,13,417,0,62,209,51,158,1053100.0,316,46,45,125,0,17,29,8,23,23,0,0.6445444319460067,0.35545556805399325,0.6597849462365591,0.03870967741935484,0.17935483870967742,0.005591397849462366,0.0,0.02666666666666667,0.08989247311827957,0.2626582278481013,0.07278481012658228,003800,53033003800
39,226159.0,1166,940,226,3349,2089,33,0,700,0,61,466,157,309,1266500.0,226,14,60,0,37,44,0,0,20,30,21,0.8061749571183533,0.19382504288164665,0.6237682890415049,0.009853687667960586,0.20901761719916392,0.0,0.0,0.01821439235592714,0.1391460137354434,0.22123893805309736,0.13274336283185842,003900,53033003900
40,120850.0,1389,949,440,3075,2251,137,36,342,0,82,227,30,197,1263600.0,440,8,9,30,64,54,23,32,22,169,29,0.6832253419726422,0.3167746580273578,0.7320325203252033,0.04455284552845529,0.11121951219512195,0.011707317073170732,0.0,0.02666666666666667,0.07382113821138211,0.5590909090909091,0.3840909090909091,004000,53033004000
41.01,,1359,1251,108,3999,3302,11,0,293,0,19,374,261,113,,108,1,0,16,16,0,0,11,21,33,10,0.9205298013245033,0.07947019867549669,0.8257064266066516,0.0027506876719179795,0.07326831707926981,0.0,0.0,0.004751187796949237,0.0935233808452113,0.6018518518518519,0.3055555555555556,004101,53033004101
41.02,240648.0,1716,1178,538,4294,3118,7,0,700,11,72,386,126,260,1474300.0,538,20,60,54,118,87,26,61,51,61,0,0.6864801864801865,0.3135198135198135,0.7261294829995343,0.0016301816488122963,0.1630181648812296,0.0,0.0025617140195621797,0.016767582673497903,0.08989287377736377,0.36988847583643125,0.11338289962825279,004102,53033004102
42.01,195208.0,1576,1120,456,3838,2918,20,0,391,0,64,445,194,251,1268900.0,456,84,23,110,94,76,0,20,25,24,0,0.7106598984771574,0.2893401015228426,0.7602918186555497,0.005211047420531527,0.10187597707139134,0.0,0.0,0.016675351745700884,0.11594580510682648,0.1513157894736842,0.05263157894736842,004201,53033004201
42.02,190450.0,1861,1356,505,4705,3488,19,57,508,0,34,599,192,407,1144300.0,505,10,98,96,116,141,0,0,0,44,0,0.7286405158516926,0.27135948414830735,0.7413390010626992,0.004038257173219979,0.1079702444208289,0.012114771519659936,0.0,0.007226354941551541,0.1273113708820404,0.08712871287128712,0.08712871287128712,004202,53033004202
43.01,119464.0,1301,587,714,3486,2274,162,195,536,10,22,287,103,184,1165300.0,714,46,45,74,37,58,36,42,137,203,36,0.4511913912375096,0.5488086087624904,0.6523235800344234,0.04647160068846816,0.15375788869764773,0.05593803786574871,0.002868617326448652,0.006310958118187034,0.0823293172690763,0.5854341736694678,0.28431372549019607,004301,53033004301
43.02,38984.0,1833,107,1726,4549,2599,235,31,928,12,122,622,187,435,709000.0,1726,80,54,66,35,177,52,185,184,731,162,0.05837424986361157,0.9416257501363884,0.5713343591998241,0.051659705429764786,0.20400087931413496,0.0068146845460540775,0.002637942404924159,0.02681908111672895,0.13673334798856893,0.6674391657010429,0.4235225955967555,004302,53033004302
44.01,120521.0,1341,623,718,3842,2919,103,0,476,3,35,306,82,224,1189000.0,718,86,18,14,96,58,77,38,9,297,25,0.4645786726323639,0.5354213273676361,0.7597605413846955,0.02680895366996356,0.12389380530973451,0.0,0.0007808433107756377,0.009109838625715773,0.07964601769911504,0.5863509749303621,0.4136490250696379,004401,53033004401
44.02,53852.0,1831,93,1738,3511,1638,131,0,1224,43,261,214,82,132,990600.0,1738,157,152,86,84,106,155,97,178,517,206,0.05079191698525396,0.949208083014746,0.46653375106807177,0.0373113073198519,0.34861862717174597,0.0,0.0122472230133865,0.07433779549985758,0.0609512959270863,0.5448791714614499,0.2974683544303797,004402,53033004402
45,191336.0,1091,648,443,3475,2425,69,0,523,0,83,375,112,263,1069900.0,443,0,69,104,46,22,55,0,0,147,0,0.5939505041246563,0.4060494958753437,0.697841726618705,0.019856115107913668,0.15050359712230216,0.0,0.0,0.023884892086330937,0.1079136690647482,0.45598194130925507,0.33182844243792325,004500,53033004500
46,164550.0,1453,886,567,3652,2931,46,9,277,0,64,325,128,197,1325300.0,567,0,49,229,60,55,109,11,0,40,14,0.6097728836889195,0.39022711631108054,0.8025739320920043,0.012595837897042717,0.07584884994523548,0.0024644030668127055,0.0,0.017524644030668127,0.08899233296823658,0.2821869488536155,0.07054673721340388,004600,53033004600
47.01,102708.0,2274,539,1735,3446,2370,32,0,371,0,145,528,257,271,515800.0,1735,65,167,132,216,152,160,130,214,393,106,0.23702726473175023,0.7629727352682498,0.6877539175856066,0.009286128845037725,0.10766105629715612,0.0,0.0,0.04207777132907719,0.15322112594312245,0.5170028818443804,0.22651296829971182,004701,53033004701
47.02,118622.0,2466,757,1709,3697,2537,64,13,698,0,46,339,268,71,558600.0,1709,169,134,465,63,205,55,111,35,417,55,0.30697485806974856,0.6930251419302514,0.6862320800649175,0.017311333513659724,0.18880173113335136,0.0035163646199621317,0.0,0.012442520962942927,0.09169596970516636,0.36161497952018723,0.24400234055002926,004702,53033004702
47.03,166921.0,2138,493,1645,4173,2808,15,0,744,0,0,606,326,280,972300.0,1645,48,490,215,236,188,45,181,77,165,0,0.23058933582787652,0.7694106641721234,0.6728971962616822,0.0035945363048166786,0.17828900071890727,0.0,0.0,0.0,0.14521926671459381,0.2844984802431611,0.10030395136778116,004703,53033004703
48,167266.0,2531,1395,1136,5181,3678,18,10,919,0,29,527,173,354,1064200.0,1136,66,117,226,88,383,66,62,46,70,12,0.5511655472145397,0.4488344527854603,0.7099015634047481,0.003474232773595831,0.17737888438525382,0.0019301293186643506,0.0,0.005597375024126616,0.10171781509361127,0.2147887323943662,0.061619718309859156,004800,53033004800
49.01,123156.0,2028,845,1183,3693,2648,106,0,368,0,30,541,253,288,995300.0,1183,45,168,76,160,171,123,41,158,200,41,0.4166666666666667,0.5833333333333334,0.7170322231248307,0.028702951529921472,0.09964798266991606,0.0,0.0,0.008123476848090982,0.14649336582724073,0.44125105663567205,0.16906170752324598,004901,53033004901
49.02,121726.0,1953,609,1344,3271,2344,125,0,432,0,0,370,96,274,987300.0,1344,95,163,190,248,126,208,51,66,158,39,0.3118279569892473,0.6881720430107527,0.7166004280036686,0.03821461326811373,0.13206970345460103,0.0,0.0,0.0,0.11311525527361663,0.359375,0.11755952380952381,004902,53033004902
50,116467.0,2617,643,1974,4778,3420,35,0,546,20,180,577,447,130,1147100.0,1974,18,158,424,278,84,194,187,167,464,0,0.2457011845624761,0.7542988154375239,0.7157806613645877,0.007325240686479699,0.1142737547090833,0.0,0.004185851820845542,0.037672666387609875,0.12076182503139389,0.5126646403242148,0.23505572441742653,005000,53033005000
51,161506.0,1607,948,659,3809,3009,14,0,179,0,96,511,268,243,1208500.0,659,19,70,125,127,84,33,0,12,189,0,0.5899191039203485,0.41008089607965154,0.7899711210291415,0.0036755053819900237,0.046993961669729585,0.0,0.0,0.02520346547650302,0.13415594644263587,0.3550834597875569,0.2867981790591806,005100,53033005100
52.01,100188.0,1845,617,1228,3798,2075,179,39,864,0,204,437,44,393,1177600.0,1228,47,59,119,135,79,50,117,100,469,53,0.3344173441734417,0.6655826558265583,0.5463401790416008,0.047130068457082674,0.22748815165876776,0.010268562401263823,0.0,0.053712480252764615,0.11506055818852028,0.5993485342019544,0.38192182410423453,005201,53033005201
52.02,49598.0,1738,38,1700,2853,1290,57,0,1192,22,69,223,35,188,,1700,92,115,90,86,75,94,249,213,488,198,0.02186421173762946,0.9781357882623706,0.45215562565720296,0.019978969505783387,0.41780581843673326,0.0,0.0077111812127585,0.024185068349106203,0.0781633368384157,0.6141176470588235,0.28705882352941176,005202,53033005202
53.03,37500.0,66,0,66,4203,1851,221,14,1437,31,111,538,142,396,,66,0,0,0,6,5,0,16,11,28,0,0.0,1.0,0.44039971448965026,0.05258148941232453,0.3418986438258387,0.0033309540804187486,0.007375684035212943,0.026409707351891507,0.12800380680466333,0.8333333333333334,0.42424242424242425,005303,53033005303
53.04,17500.0,124,0,124,3425,1367,162,38,1313,9,78,458,49,409,,124,0,0,0,0,4,0,0,4,96,20,0.0,1.0,0.39912408759124085,0.0472992700729927,0.38335766423357664,0.011094890510948904,0.002627737226277372,0.022773722627737226,0.1337226277372263,0.8064516129032258,0.7741935483870968,005304,53033005304
53.05,24444.0,1302,72,1230,2275,817,198,127,842,25,18,248,23,225,10000.0,1230,15,8,11,57,84,43,50,116,681,165,0.055299539170506916,0.9447004608294931,0.35912087912087914,0.08703296703296703,0.3701098901098901,0.05582417582417582,0.01098901098901099,0.007912087912087912,0.10901098901098902,0.7235772357723578,0.5536585365853659,005305,53033005305
53.06,43837.0,1941,136,1805,3632,1512,165,71,1551,0,95,238,54,184,,1805,0,100,283,116,166,92,111,57,766,114,0.07006697578567748,0.9299330242143226,0.41629955947136565,0.0454295154185022,0.4270374449339207,0.019548458149779735,0.0,0.026156387665198236,0.06552863436123348,0.5684210526315789,0.42437673130193904,005306,53033005306
53.07,42692.0,556,2,554,3068,1837,46,11,527,0,181,466,49,417,,554,32,48,0,15,18,18,184,0,227,12,0.0035971223021582736,0.9964028776978417,0.598761408083442,0.01499348109517601,0.17177314211212516,0.003585397653194263,0.0,0.05899608865710561,0.15189048239895697,0.7743682310469314,0.40974729241877256,005307,53033005307
54.01,146417.0,2291,632,1659,3599,2373,64,0,597,0,51,514,170,344,971900.0,1659,41,347,297,298,121,87,102,167,185,14,0.27586206896551724,0.7241379310344828,0.6593498193942762,0.017782717421505972,0.1658794109474854,0.0,0.0,0.014170602945262572,0.14281744929146986,0.32610006027727545,0.11151295961422544,005401,53033005401
54.02,115815.0,1769,551,1218,2998,2264,57,0,453,0,49,175,103,72,1079800.0,1218,11,146,227,38,148,153,77,75,275,68,0.3114754098360656,0.6885245901639344,0.7551701134089392,0.019012675116744496,0.15110073382254838,0.0,0.0,0.016344229486324215,0.058372248165443626,0.47619047619047616,0.2257799671592775,005402,53033005402
56,240137.0,2645,2367,278,6992,5520,271,19,648,0,134,400,47,353,1559200.0,278,0,43,117,8,36,0,0,13,61,0,0.8948960302457467,0.1051039697542533,0.7894736842105263,0.03875858123569794,0.09267734553775744,0.002717391304347826,0.0,0.01916475972540046,0.057208237986270026,0.26618705035971224,0.21942446043165467,005600,53033005600
57,185945.0,3153,2153,1000,6834,4920,0,62,710,41,379,722,144,578,1150500.0,1000,19,185,182,239,60,134,0,48,133,0,0.6828417380272757,0.3171582619727244,0.7199297629499561,0.0,0.10389230318993269,0.009072285630670179,0.005999414691249635,0.05545800409716125,0.10564822944103014,0.315,0.133,005700,53033005700
58.01,143952.0,3316,1139,2177,6295,4337,148,49,1019,0,193,549,207,342,879300.0,2177,105,338,494,411,280,81,52,129,270,17,0.34348612786489746,0.6565138721351025,0.6889594916600477,0.02351072279586974,0.16187450357426528,0.00778395552025417,0.0,0.030659253375694997,0.08721207307386815,0.24437299035369775,0.1240238860817639,005801,53033005801
58.03,172649.0,1535,700,835,3251,2262,35,23,553,1,59,318,38,280,1117600.0,835,40,116,219,103,107,68,45,38,99,0,0.4560260586319218,0.5439739413680782,0.6957859120270686,0.01076591817902184,0.17010150722854506,0.0070747462319286376,0.00030759766225776686,0.018148262073208243,0.09781605659796985,0.2994011976047904,0.118562874251497,005803,53033005803
58.04,104147.0,1671,334,1337,2627,1847,76,11,264,0,113,316,160,156,629700.0,1337,10,60,270,485,73,112,65,86,150,26,0.19988031119090366,0.8001196888090963,0.7030833650551961,0.02893033878949372,0.10049486105824133,0.004187285877426722,0.0,0.04301484583174724,0.12028930338789494,0.3089005235602094,0.11219147344801796,005804,53033005804
59.01,150139.0,1273,555,718,3568,2307,181,14,504,0,77,485,175,310,917600.0,718,0,206,58,91,188,20,62,30,40,23,0.43597800471327575,0.5640219952867243,0.6465807174887892,0.05072869955156951,0.1412556053811659,0.003923766816143498,0.0,0.021580717488789238,0.1359304932735426,0.2116991643454039,0.055710306406685235,005901,53033005901
59.02,182389.0,1674,1209,465,4139,2988,46,0,391,1,36,677,205,472,1314100.0,465,16,42,97,62,27,63,36,76,46,0,0.7222222222222222,0.2777777777777778,0.7219135056777,0.01111379560280261,0.09446726262382218,0.0,0.00024160425223483932,0.008697753080454215,0.16356607876298623,0.4752688172043011,0.0989247311827957,005902,53033005902
60,160049.0,3200,1748,1452,6343,4210,64,0,1167,0,193,709,323,386,1137800.0,1452,136,104,150,649,83,21,43,21,214,31,0.54625,0.45375,0.6637237900047296,0.010089862840927007,0.18398234274002837,0.0,0.0,0.030427242629670503,0.11177676178464449,0.2059228650137741,0.14738292011019283,006000,53033006000
61,133307.0,3345,1523,1822,6360,4930,95,23,636,0,154,522,255,267,1395800.0,1822,39,211,270,258,326,196,67,141,209,105,0.4553064275037369,0.544693572496263,0.7751572327044025,0.014937106918238994,0.1,0.0036163522012578617,0.0,0.024213836477987423,0.0820754716981132,0.336443468715697,0.11470911086717893,006100,53033006100
62,,1671,1551,120,4193,3125,232,7,475,0,0,354,130,224,1586000.0,120,23,15,34,28,0,0,0,0,8,12,0.9281867145421903,0.0718132854578097,0.7452897686620558,0.055330312425471026,0.11328404483663249,0.001669449081803005,0.0,0.0,0.08442642499403769,0.06666666666666667,0.06666666666666667,006200,53033006200
63,225464.0,2710,1519,1191,6006,4989,36,0,435,0,0,546,133,413,,1191,58,169,222,189,133,91,19,53,175,82,0.5605166051660516,0.4394833948339483,0.8306693306693307,0.005994005994005994,0.07242757242757243,0.0,0.0,0.0,0.09090909090909091,0.2837951301427372,0.14693534844668346,006300,53033006300
64,232426.0,1449,1243,206,3631,2700,256,3,228,0,4,440,198,242,1613600.0,206,14,16,46,38,15,0,24,0,53,0,0.8578329882677709,0.14216701173222912,0.7435968052877995,0.07050399339025062,0.06279261911319196,0.0008262186725419994,0.0,0.001101624896722666,0.12117873863949326,0.3737864077669903,0.25728155339805825,006400,53033006400
65,173350.0,2928,1323,1605,5052,3676,100,0,786,0,88,402,184,218,1345700.0,1605,262,223,287,228,146,27,132,82,218,0,0.45184426229508196,0.548155737704918,0.7276326207442597,0.01979414093428345,0.15558194774346792,0.0,0.0,0.01741884402216944,0.07957244655581948,0.28598130841121494,0.13582554517133957,006500,53033006500
66,120507.0,2585,682,1903,4257,3106,86,46,252,37,180,550,157,393,1101000.0,1903,69,313,238,310,226,227,88,187,184,61,0.26382978723404255,0.7361702127659574,0.7296217993892412,0.020202020202020204,0.05919661733615222,0.010805731735964294,0.008691566831101715,0.042283298097251586,0.12919896640826872,0.3604834471886495,0.09668943772990016,006600,53033006600
67.01,129438.0,2613,232,2381,3820,1693,0,0,1763,0,0,364,137,227,722200.0,2381,168,550,297,249,60,192,197,113,555,0,0.08878683505549177,0.9112131649445082,0.4431937172774869,0.0,0.46151832460732983,0.0,0.0,0.0,0.09528795811518324,0.44393112137757246,0.23309533809323812,006701,53033006701
67.02,131918.0,2093,390,1703,2903,1452,133,0,969,6,9,334,132,202,1255400.0,1703,79,493,238,325,279,101,67,58,63,0,0.18633540372670807,0.8136645962732919,0.5001722356183259,0.04581467447468136,0.33379262831553563,0.0,0.0020668274199104374,0.003100241129865656,0.11505339304168102,0.16970052847915443,0.0369935408103347,006702,53033006702
67.03,129741.0,1904,1102,802,3103,2188,25,0,339,0,26,525,228,297,880600.0,802,49,62,99,143,120,109,47,36,137,0,0.5787815126050421,0.421218487394958,0.70512407347728,0.008056719303899453,0.10924911376087657,0.0,0.0,0.00837898807605543,0.1691911053818885,0.4102244389027431,0.1708229426433915,006703,53033006703
68,153401.0,1657,734,923,3332,2451,106,0,285,0,37,453,197,256,1596400.0,923,39,112,150,54,210,68,34,56,187,13,0.44296922148461076,0.5570307785153893,0.735594237695078,0.03181272509003601,0.08553421368547419,0.0,0.0,0.011104441776710685,0.13595438175270108,0.37378114842903576,0.20260021668472372,006800,53033006800
69,183421.0,2074,1209,865,4935,3752,58,0,558,0,29,538,277,261,1552400.0,865,0,168,171,94,164,19,61,51,121,16,0.5829315332690453,0.41706846673095466,0.7602836879432624,0.011752786220871328,0.11306990881458967,0.0,0.0,0.005876393110435664,0.10901722391084093,0.29132947976878615,0.13988439306358383,006900,53033006900
70.01,73946.0,2842,950,1892,4215,2988,32,1,325,0,431,438,79,359,591800.0,1892,134,39,375,228,207,307,75,292,182,53,0.3342716396903589,0.6657283603096411,0.7088967971530249,0.007591933570581257,0.0771055753262159,0.00023724792408066428,0.0,0.1022538552787663,0.10391459074733096,0.452431289640592,0.09619450317124736,007001,53033007001
70.02,110327.0,2643,622,2021,4152,2508,228,0,563,6,105,742,237,505,839600.0,2021,114,255,276,343,126,59,94,312,381,61,0.23533863034430572,0.7646613696556943,0.6040462427745664,0.05491329479768786,0.13559730250481697,0.0,0.001445086705202312,0.025289017341040464,0.17870905587668592,0.4186046511627907,0.1885205343889164,007002,53033007002
71.01,122365.0,2141,330,1811,3104,1434,150,0,804,9,63,644,299,345,504200.0,1811,101,175,276,523,147,121,123,121,224,0,0.15413358243811304,0.845866417561887,0.46198453608247425,0.04832474226804124,0.25902061855670105,0.0,0.0028994845360824743,0.02029639175257732,0.20747422680412372,0.3252346769740475,0.1236885698509111,007101,53033007101
71.02,129181.0,1887,366,1521,2696,1415,138,22,877,23,9,212,87,125,631700.0,1521,85,164,227,309,136,116,114,0,307,63,0.19395866454689983,0.8060413354531002,0.5248516320474778,0.05118694362017804,0.3252967359050445,0.008160237388724036,0.008531157270029673,0.0033382789317507417,0.07863501483679525,0.3530571992110454,0.20184089414858647,007102,53033007102
72.01,101737.0,3512,838,2674,5055,2017,132,0,2347,0,110,449,322,127,1012000.0,2674,120,334,538,262,152,346,59,72,655,136,0.2386104783599089,0.7613895216400911,0.3990108803165183,0.026112759643916916,0.4642927794263106,0.0,0.0,0.021760633036597428,0.08882294757665678,0.42333582647718776,0.24495138369483918,007201,53033007201
72.02,174706.0,2386,239,2147,3899,1870,40,0,1779,10,46,154,105,49,953900.0,2147,266,282,439,285,417,89,103,44,222,0,0.10016764459346186,0.8998323554065382,0.4796101564503719,0.010259040779687098,0.45627083867658375,0.0,0.0025647601949217746,0.011797896896640164,0.03949730700179533,0.21332091290172334,0.10340009315323707,007202,53033007202
72.03,137007.0,2539,174,2365,3591,999,238,68,2006,0,36,244,36,208,495900.0,2365,315,535,252,231,396,183,120,16,265,52,0.06853091768412761,0.9314690823158724,0.2781954887218045,0.06627680311890838,0.5586187691450849,0.01893622946254525,0.0,0.010025062656641603,0.06794764689501531,0.24693446088794926,0.11205073995771671,007203,53033007203
73.01,145125.0,2487,0,2487,3682,1237,223,102,1743,0,15,362,127,235,,2487,39,626,452,429,110,86,135,73,331,206,0.0,1.0,0.33595871808799566,0.060564910374796305,0.47338403041825095,0.027702335687126562,0.0,0.004073872895165671,0.09831613253666485,0.2513067953357459,0.13309207880981103,007301,53033007301
73.02,205021.0,3467,316,3151,5243,1860,235,35,2522,7,132,452,384,68,902400.0,3151,343,431,549,509,233,279,186,281,340,0,0.09114508220363426,0.9088549177963657,0.35475872592027463,0.04482166698455083,0.48102231546824337,0.006675567423230975,0.0013351134846461949,0.025176425710471104,0.08621018500858288,0.3446524912726119,0.10790225325293558,007302,53033007302
73.03,164819.0,2705,78,2627,3961,1493,251,43,1828,0,109,237,38,199,721400.0,2627,208,521,254,502,433,78,144,116,325,46,0.028835489833641405,0.9711645101663586,0.3769250189346125,0.06336783640494825,0.4614996213077506,0.010855844483716234,0.0,0.027518303458722543,0.05983337541024994,0.25237913970308334,0.12371526456033498,007303,53033007303
74.03,106846.0,2100,233,1867,2946,1945,164,44,373,0,86,334,134,200,437200.0,1867,84,434,260,256,88,158,194,107,271,15,0.11095238095238096,0.8890476190476191,0.6602172437202987,0.055668703326544465,0.126612355736592,0.01493550577053632,0.0,0.029192124915139173,0.11337406653088934,0.39100160685591856,0.14515265131226568,007403,53033007403
74.04,94458.0,2034,389,1645,2645,2090,9,7,189,0,25,325,48,277,488900.0,1645,82,126,128,417,89,266,81,177,232,47,0.1912487708947886,0.8087512291052114,0.7901701323251418,0.003402646502835539,0.07145557655954632,0.0026465028355387526,0.0,0.00945179584120983,0.12287334593572778,0.4595744680851064,0.14103343465045592,007404,53033007404
74.05,98750.0,1887,191,1696,2429,1501,214,93,301,0,97,223,83,140,479900.0,1696,42,119,260,251,116,123,111,115,244,315,0.10121886592474828,0.8987811340752517,0.6179497735693701,0.08810209962947715,0.1239193083573487,0.03828736105393166,0.0,0.03993412927130506,0.09180732811856732,0.34964622641509435,0.14386792452830188,007405,53033007405
74.06,73788.0,2038,247,1791,2749,1382,51,26,599,0,104,587,264,323,519900.0,1791,34,156,297,127,212,146,269,198,203,149,0.1211972522080471,0.8788027477919529,0.5027282648235722,0.018552200800291015,0.21789741724263367,0.009457984721716987,0.0,0.03783193888686795,0.21353219352491815,0.4556113902847571,0.11334450027917364,007406,53033007406
75.01,84977.0,2947,627,2320,4413,2264,120,79,613,159,363,815,388,427,758800.0,2320,139,340,243,234,295,155,236,178,483,17,0.21275873769935527,0.7872412623006447,0.5130296850215273,0.027192386131883073,0.13890777249036937,0.01790165420348969,0.03602991162474507,0.08225696804894629,0.18468162247903921,0.453448275862069,0.2081896551724138,007501,53033007501
75.02,109471.0,2607,420,2187,3688,1999,200,58,558,31,114,728,80,648,453500.0,2187,45,251,283,655,167,293,116,162,163,52,0.1611047180667434,0.8388952819332566,0.5420281995661606,0.05422993492407809,0.15130151843817788,0.015726681127982648,0.008405639913232104,0.03091106290672451,0.19739696312364424,0.3356195701874714,0.0745313214449017,007502,53033007502
75.03,93182.0,1688,213,1475,2236,1346,84,29,558,0,52,167,41,126,761300.0,1475,68,74,289,203,58,164,100,162,315,42,0.12618483412322276,0.8738151658767772,0.6019677996422182,0.03756708407871199,0.24955277280858676,0.0129695885509839,0.0,0.023255813953488372,0.07468694096601074,0.5023728813559322,0.2135593220338983,007503,53033007503
76,128182.0,2394,799,1595,4651,3757,140,0,511,0,3,240,63,177,964400.0,1595,98,189,310,152,273,149,48,106,256,14,0.3337510442773601,0.66624895572264,0.8077832724145345,0.03010105353687379,0.10986884540958934,0.0,0.0,0.0006450225757901526,0.05160180606321221,0.3504702194357367,0.16050156739811913,007600,53033007600
77,182206.0,2540,1571,969,5736,3973,221,31,486,0,43,982,275,707,1015900.0,969,0,63,179,135,173,127,74,76,110,32,0.618503937007874,0.38149606299212596,0.6926429567642957,0.03852859135285914,0.08472803347280335,0.005404463040446304,0.0,0.007496513249651325,0.1711994421199442,0.3993808049535604,0.11351909184726522,007700,53033007700
78,205056.0,2294,1882,412,5527,3882,494,35,374,0,108,634,242,392,1671000.0,412,0,15,98,53,102,0,21,0,123,0,0.8204010462074979,0.17959895379250218,0.7023701827392799,0.08937941016826488,0.06766781255654061,0.006332549303419577,0.0,0.019540437850551838,0.11470960738194319,0.34951456310679613,0.29854368932038833,007800,53033007800
79.01,75042.0,2127,469,1658,3009,1911,365,15,400,17,87,214,97,117,710300.0,1658,28,146,202,309,335,74,178,128,258,0,0.22049835448989186,0.7795016455101081,0.6350947158524427,0.1213027583914922,0.13293452974410103,0.004985044865403789,0.005649717514124294,0.028913260219341975,0.07111997341309405,0.3848009650180941,0.15560916767189384,007901,53033007901
79.02,115745.0,2159,523,1636,3652,2125,498,0,601,0,22,406,191,215,949200.0,1636,104,91,357,273,74,116,80,153,353,35,0.24224177860120427,0.7577582213987958,0.5818729463307777,0.13636363636363635,0.16456736035049288,0.0,0.0,0.006024096385542169,0.11117196056955093,0.4290953545232274,0.21577017114914426,007902,53033007902
80.02,124464.0,2990,608,2382,4415,2209,392,10,1093,0,154,557,180,377,1215200.0,2382,73,413,380,302,493,189,95,107,261,69,0.20334448160535118,0.7966555183946489,0.5003397508493771,0.08878822197055493,0.24756511891279728,0.0022650056625141564,0.0,0.03488108720271801,0.1261608154020385,0.27371956339210746,0.10957178841309824,008002,53033008002
80.03,127254.0,2860,786,2074,3912,1857,250,0,1155,0,325,325,111,214,727500.0,2074,85,236,205,333,202,207,134,145,360,167,0.2748251748251748,0.7251748251748251,0.4746932515337423,0.06390593047034765,0.29524539877300615,0.0,0.0,0.08307770961145194,0.08307770961145194,0.40790742526518803,0.17357762777242045,008003,53033008003
80.04,178185.0,2179,671,1508,3173,1567,104,0,1014,0,26,462,391,71,655900.0,1508,212,199,345,120,179,95,0,0,358,0,0.30793942175309774,0.6920605782469023,0.49385439647021745,0.03277655215884021,0.3195713835486921,0.0,0.0,0.008194138039710053,0.14560352978254018,0.3003978779840849,0.23740053050397877,008004,53033008004
81.01,111346.0,2038,566,1472,2854,1665,169,51,804,0,39,126,56,70,913600.0,1472,87,206,119,171,414,56,39,50,298,32,0.2777232580961727,0.7222767419038273,0.5833917309039944,0.059215136650315345,0.2817098808689559,0.017869656622284513,0.0,0.013665031534688158,0.04414856341976174,0.30095108695652173,0.20244565217391305,008101,53033008101
81.02,157898.0,2078,285,1793,3680,1816,350,37,1074,61,69,273,109,164,894200.0,1793,34,115,260,331,180,356,83,68,256,110,0.13715110683349374,0.8628488931665063,0.4934782608695652,0.09510869565217392,0.29184782608695653,0.010054347826086956,0.01657608695652174,0.01875,0.07418478260869565,0.4255437813720022,0.14277746793084217,008102,53033008102
82,132924.0,3104,343,2761,4799,2150,358,10,1883,0,36,362,50,312,797900.0,2761,286,376,406,315,344,230,60,113,593,38,0.11050257731958762,0.8894974226804123,0.44801000208376746,0.07459887476557617,0.3923734111273182,0.002083767451552407,0.0,0.007501562825588664,0.07543238174619712,0.3607388627308946,0.21477725461789207,008200,53033008200
83,94365.0,2328,417,1911,3631,1962,142,18,951,23,105,430,183,247,537900.0,1911,134,166,229,215,202,201,243,68,378,75,0.1791237113402062,0.8208762886597938,0.5403470118424677,0.03910768383365464,0.26191131919581384,0.004957312035251997,0.006334343156155329,0.02891765353896998,0.11842467639768658,0.46572475143903713,0.1978021978021978,008300,53033008300
84.01,96492.0,2669,217,2452,3666,2197,46,26,897,43,53,404,117,287,701900.0,2452,48,240,514,337,180,265,92,142,557,77,0.08130385912326714,0.9186961408767329,0.599290780141844,0.012547735951991271,0.24468085106382978,0.0070921985815602835,0.011729405346426624,0.014457174031642117,0.11020185488270595,0.43066884176182707,0.2271615008156607,008401,53033008401
84.02,85587.0,2431,197,2234,3150,1978,231,46,398,0,33,464,203,261,481900.0,2234,65,297,398,127,112,119,586,146,365,19,0.08103661044837515,0.9189633895516248,0.6279365079365079,0.07333333333333333,0.12634920634920635,0.014603174603174604,0.0,0.010476190476190476,0.1473015873015873,0.5443151298119964,0.16338406445837064,008402,53033008402
85,61199.0,2038,123,1915,4649,2013,872,31,843,22,485,383,99,284,629400.0,1915,61,143,299,309,237,155,24,168,435,84,0.06035328753680078,0.9396467124631992,0.4329963432996343,0.1875672187567219,0.18132931813293182,0.006668100666810067,0.004732200473220047,0.10432351043235104,0.08238330823833083,0.408355091383812,0.22715404699738903,008500,53033008500
86,75313.0,3466,461,3005,7188,3134,544,11,1907,15,224,1353,396,957,665900.0,3005,202,316,208,231,329,279,193,259,962,26,0.1330063473744951,0.8669936526255049,0.43600445186421816,0.07568169170840289,0.26530328324986086,0.001530328324986088,0.002086811352253756,0.031163049526989426,0.1882303839732888,0.5633943427620632,0.3201331114808652,008600,53033008600
87,166585.0,2174,1003,1171,4975,3272,532,10,573,0,102,486,96,390,923100.0,1171,76,90,270,234,98,64,70,76,180,13,0.4613615455381785,0.5386384544618216,0.6576884422110553,0.10693467336683417,0.11517587939698493,0.0020100502512562816,0.0,0.02050251256281407,0.09768844221105527,0.3330486763450043,0.1537147736976943,008700,53033008700
88,145119.0,1828,968,860,4519,2598,823,21,333,0,369,375,98,277,1053200.0,860,21,52,58,135,136,53,58,153,156,38,0.5295404814004376,0.47045951859956237,0.5749059526443904,0.18211993803938925,0.07368886921885373,0.00464704580659438,0.0,0.08165523345872981,0.08298296083204248,0.4883720930232558,0.1813953488372093,008800,53033008800
89,102818.0,2933,1486,1447,6545,3634,826,0,612,0,353,1120,385,735,954900.0,1447,14,141,102,192,105,199,211,164,243,76,0.5066484827821344,0.4933515172178657,0.5552330022918258,0.12620320855614972,0.09350649350649351,0.0,0.0,0.053934300993124525,0.1711229946524064,0.5646164478230823,0.16793365583966827,008900,53033008900
90,78995.0,2457,659,1798,4393,1886,563,8,1006,15,213,702,101,601,787300.0,1798,120,100,214,182,237,221,85,142,408,89,0.2682132682132682,0.7317867317867318,0.4293193717277487,0.1281584338720692,0.229000682904621,0.001821078989301161,0.0034145231049396768,0.04848622809014341,0.15979968131117686,0.4760845383759733,0.22691879866518352,009000,53033009000
91,39788.0,2238,101,2137,3474,911,209,10,1904,76,51,313,53,260,440900.0,2137,58,161,182,501,151,187,71,180,588,58,0.0451295799821269,0.9548704200178731,0.2622337363270006,0.06016119746689695,0.5480713874496258,0.0028785261945883708,0.021876799078871616,0.01468048359240069,0.09009786989061601,0.4801123069723912,0.2751520823584464,009100,53033009100
92,35014.0,2177,183,1994,3236,1475,327,12,847,8,77,490,88,402,579300.0,1994,71,105,204,72,352,261,145,308,372,104,0.0840606338998622,0.9159393661001378,0.4558096415327565,0.10105067985166873,0.26174289245982696,0.003708281829419036,0.002472187886279357,0.02379480840543881,0.15142150803461063,0.5446339017051154,0.18655967903711135,009200,53033009200
93,124318.0,1600,559,1041,3191,1523,195,62,574,31,102,704,331,373,702200.0,1041,24,57,150,214,132,138,46,111,137,32,0.349375,0.650625,0.47727984957693514,0.061109370103415855,0.17988091507364462,0.019429645879034785,0.009714822939517392,0.03196490128486368,0.22062049514258852,0.414985590778098,0.13160422670509125,009300,53033009300
94,95038.0,3396,1571,1825,6702,2881,748,47,1470,123,269,1164,294,870,806300.0,1825,135,152,85,132,364,441,115,63,261,77,0.462603062426384,0.5373969375736161,0.42987168009549387,0.11160847508206506,0.21933751119068934,0.007012831990450612,0.018352730528200537,0.04013727245598329,0.17367949865711726,0.4821917808219178,0.143013698630137,009400,53033009400
95,143676.0,3164,1841,1323,7105,3161,1155,73,1534,0,447,735,171,564,1131700.0,1323,39,130,178,128,183,107,89,154,315,0,0.581858407079646,0.41814159292035397,0.4448979591836735,0.1625615763546798,0.2159042927515834,0.01027445460942998,0.0,0.06291344123856439,0.10344827586206896,0.5026455026455027,0.23809523809523808,009500,53033009500
96,148125.0,3012,1871,1141,6068,4738,195,0,430,4,67,634,201,433,984500.0,1141,256,128,32,134,151,163,13,15,203,46,0.6211819389110226,0.3788180610889774,0.7808174027686223,0.03213579433091628,0.07086354647330258,0.0,0.0006591957811470006,0.011041529334212262,0.1044825313117996,0.3453111305872042,0.17791411042944785,009600,53033009600
97.01,119384.0,2856,1361,1495,6387,4464,701,51,507,0,40,624,179,445,1142200.0,1495,58,158,143,266,153,119,102,229,245,22,0.47654061624649857,0.5234593837535014,0.6989196806012212,0.10975418819477063,0.07937999060591827,0.007984969469234382,0.0,0.006262721152340692,0.09769844997651479,0.46488294314381273,0.16387959866220736,009701,53033009701
97.02,162174.0,2334,1720,614,5915,4805,32,0,345,0,8,725,235,490,1071300.0,614,0,47,88,62,40,0,211,19,147,0,0.7369323050556984,0.26306769494430166,0.812341504649197,0.005409974640743872,0.058326289095519866,0.0,0.0,0.001352493660185968,0.12256973795435334,0.6140065146579805,0.23941368078175895,009702,53033009702
98.01,100162.0,1839,983,856,3637,2976,139,0,69,0,12,441,180,261,939800.0,856,0,61,106,91,176,40,41,50,268,23,0.5345296356715606,0.46547036432843936,0.8182568050591147,0.0382183117954358,0.0189716799560077,0.0,0.0,0.003299422601044817,0.12125378058839703,0.4661214953271028,0.3130841121495327,009801,53033009801
98.02,125774.0,1905,946,959,4362,3002,247,133,550,0,67,363,19,344,969100.0,959,27,80,117,184,123,208,119,11,77,13,0.4965879265091864,0.5034120734908136,0.6882164144887666,0.05662540119211371,0.12608895002292525,0.03049060064190738,0.0,0.01535992663915635,0.08321870701513068,0.43274244004171014,0.08029197080291971,009802,53033009802
99,127557.0,3316,1934,1382,6421,3973,383,0,792,17,353,903,467,436,829000.0,1382,0,113,318,139,116,298,107,94,135,62,0.583232810615199,0.41676718938480095,0.6187509733686342,0.05964802990188444,0.12334527332191247,0.0,0.0026475626849400405,0.0549758604578726,0.14063230026475626,0.45875542691751087,0.09768451519536903,009900,53033009900
100.01,89444.0,1808,747,1061,4457,1418,1222,2,1117,100,294,304,84,220,824700.0,1061,13,42,178,79,57,26,127,143,338,58,0.4131637168141593,0.5868362831858407,0.31815122279560243,0.2741754543414853,0.2506170069553511,0.0004487323311644604,0.02243661655822302,0.06596365268117568,0.06820731433699798,0.5975494816211122,0.31856738925541944,010001,53033010001
100.02,114796.0,2176,1182,994,4801,2330,257,21,1208,20,264,701,88,613,812700.0,994,50,49,158,141,69,56,71,111,223,66,0.5431985294117647,0.4568014705882353,0.4853155592584878,0.0535305144761508,0.25161424703186835,0.0043740887315142675,0.00416579879191835,0.05498854405332222,0.14601124765673817,0.46378269617706236,0.2243460764587525,010002,53033010002
101.01,50227.0,1792,632,1160,4474,1989,1190,18,619,0,153,505,263,242,858100.0,1160,0,100,87,116,122,172,21,198,321,23,0.35267857142857145,0.6473214285714286,0.4445686186857398,0.26598122485471615,0.13835493965131873,0.004023245417970496,0.0,0.03419758605274922,0.11287438533750559,0.6137931034482759,0.2767241379310345,010101,53033010101
101.02,120313.0,1909,1141,768,4987,2809,340,39,838,8,143,810,184,626,1049300.0,768,95,73,106,77,108,21,9,139,101,39,0.5976951283394447,0.4023048716605553,0.5632644876679367,0.06817726087828353,0.16803689592941648,0.007820332865450171,0.0016041708441949067,0.02867455383998396,0.16242229797473431,0.3515625,0.13151041666666666,010102,53033010102
102,197313.0,2089,1855,234,5610,3564,594,32,751,0,66,603,183,420,1037700.0,234,32,22,21,31,60,22,20,20,6,0,0.8879846816658689,0.11201531833413117,0.6352941176470588,0.10588235294117647,0.13386809269162211,0.00570409982174688,0.0,0.011764705882352941,0.10748663101604278,0.2905982905982906,0.02564102564102564,010200,53033010200
103.01,150625.0,1635,1068,567,4389,1937,1193,0,766,0,36,457,26,431,825700.0,567,0,0,177,14,63,31,12,0,231,39,0.653211009174312,0.3467889908256881,0.4413305992253361,0.2718159033948508,0.17452722715880611,0.0,0.0,0.008202323991797676,0.10412394622920938,0.48324514991181655,0.4074074074074074,010301,53033010301
103.02,125898.0,1770,499,1271,3461,2225,200,23,688,0,55,270,77,193,809500.0,1271,117,103,145,136,83,127,153,97,243,67,0.28192090395480224,0.7180790960451977,0.6428777809881537,0.05778676683039584,0.19878647789656168,0.0066454781854955215,0.0,0.015891360878358855,0.07801213522103438,0.4878048780487805,0.1911880409126672,010302,53033010302
104.01,131625.0,1431,1026,405,4496,1230,516,173,1916,0,211,450,112,338,811500.0,405,5,94,14,80,20,37,39,33,22,61,0.7169811320754716,0.2830188679245283,0.273576512455516,0.11476868327402136,0.4261565836298932,0.03847864768683274,0.0,0.04693060498220641,0.10008896797153025,0.3234567901234568,0.05432098765432099,010401,53033010401
104.02,112400.0,1716,1338,378,4993,1271,404,9,2799,2,97,411,48,363,761300.0,378,18,6,84,70,32,31,10,15,55,57,0.7797202797202797,0.2202797202797203,0.2545563789305027,0.08091327859002603,0.5605848187462448,0.0018025235329461246,0.0004005607850991388,0.019427198077308232,0.08231524133787302,0.29365079365079366,0.1455026455026455,010402,53033010402
105.01,113056.0,2344,547,1797,4309,2898,429,0,172,25,252,533,205,328,756300.0,1797,46,163,283,186,433,186,99,60,291,50,0.2333617747440273,0.7666382252559727,0.6725458343003017,0.09955906242747738,0.03991645393362729,0.0,0.0058018101647714084,0.0584822464608958,0.12369459271292643,0.35392320534223703,0.16193656093489148,010501,53033010501
105.02,124430.0,3190,1171,2019,5815,4418,290,0,207,0,246,654,419,235,787900.0,2019,84,100,361,397,262,210,157,73,303,72,0.3670846394984326,0.6329153605015674,0.7597592433361995,0.04987102321582115,0.035597592433361996,0.0,0.0,0.04230438521066208,0.1124677558039553,0.3680039623576028,0.150074294205052,010502,53033010502
106.01,144944.0,2112,1367,745,4288,3268,107,0,212,83,232,386,156,230,841300.0,745,15,73,90,117,109,116,48,101,39,37,0.6472537878787878,0.3527462121212121,0.7621268656716418,0.024953358208955223,0.049440298507462684,0.0,0.01935634328358209,0.054104477611940295,0.09001865671641791,0.4080536912751678,0.052348993288590606,010601,53033010601
106.02,108568.0,1951,1197,754,4035,3422,42,0,137,0,16,418,43,375,998800.0,754,0,32,41,54,148,29,118,24,257,51,0.6135315222962583,0.38646847770374165,0.8480793060718711,0.010408921933085501,0.03395291201982652,0.0,0.0,0.003965303593556382,0.10359355638166047,0.5676392572944297,0.34084880636604775,010602,53033010602
107.01,132692.0,1786,1010,776,4398,1879,1299,44,372,0,248,556,272,284,693500.0,776,0,47,46,92,113,66,22,69,249,72,0.5655095184770437,0.43449048152295633,0.42723965438835837,0.29536152796725784,0.08458390177353342,0.010004547521600727,0.0,0.05638926784902228,0.12642110050022737,0.5231958762886598,0.32087628865979384,010701,53033010701
107.02,113750.0,1942,906,1036,4939,2139,1293,84,865,14,13,531,301,230,718300.0,1036,22,81,165,176,143,144,32,15,223,35,0.466529351184346,0.533470648815654,0.43308362016602553,0.26179388540190324,0.17513666734156713,0.017007491395019236,0.0028345818991698723,0.0026321117635148814,0.10751164203280016,0.3996138996138996,0.21525096525096524,010702,53033010702
108,155865.0,1919,1444,475,5105,2451,513,60,1036,0,159,886,239,647,682800.0,475,11,19,130,84,44,18,0,34,125,10,0.7524752475247525,0.24752475247524752,0.4801175318315377,0.10048971596474045,0.2029382957884427,0.011753183153770812,0.0,0.031145935357492653,0.17355533790401567,0.3726315789473684,0.2631578947368421,010800,53033010800
109,79750.0,766,430,336,1295,797,36,26,205,0,7,224,66,158,650500.0,336,37,39,22,42,8,36,24,53,51,24,0.5613577023498695,0.4386422976501306,0.6154440154440154,0.027799227799227798,0.1583011583011583,0.020077220077220077,0.0,0.005405405405405406,0.17297297297297298,0.4880952380952381,0.15178571428571427,010900,53033010900
110.01,51778.0,1962,904,1058,5216,696,1728,23,2327,0,97,345,51,294,647400.0,1058,105,47,36,97,70,50,201,102,303,47,0.46075433231396534,0.5392456676860347,0.1334355828220859,0.3312883435582822,0.4461273006134969,0.004409509202453987,0.0,0.018596625766871166,0.06614263803680982,0.6200378071833649,0.28638941398865786,011001,53033011001
110.02,94648.0,1294,751,543,4936,621,1420,0,2379,14,200,302,87,215,657200.0,543,65,18,157,25,25,82,80,11,33,47,0.580370942812983,0.419629057187017,0.1258103727714749,0.28768233387358183,0.48196920583468394,0.0,0.0028363047001620746,0.04051863857374392,0.06118314424635332,0.37937384898710863,0.06077348066298342,011002,53033011002
111.01,89170.0,2119,807,1312,4762,1879,746,130,969,29,378,631,175,456,795600.0,1312,18,107,182,114,63,218,163,39,341,67,0.38084001887682867,0.6191599811231713,0.39458210835783286,0.15665686686266275,0.20348593028139436,0.027299454010919783,0.006089878202435952,0.07937841243175137,0.13250734985300294,0.5800304878048781,0.25990853658536583,011101,53033011101
111.02,120895.0,1984,1046,938,5525,2324,852,0,1174,0,359,816,75,741,926900.0,938,50,50,7,186,149,139,0,139,209,9,0.5272177419354839,0.4727822580645161,0.4206334841628959,0.1542081447963801,0.21248868778280544,0.0,0.0,0.06497737556561085,0.1476923076923077,0.5191897654584222,0.22281449893390193,011102,53033011102
112,109805.0,1549,841,708,4141,1592,562,212,809,7,213,746,352,394,619800.0,708,31,46,50,143,62,148,0,24,200,4,0.5429309231762427,0.45706907682375725,0.38444820091765275,0.1357160106254528,0.1953634387829027,0.0511953634387829,0.0016904129437333977,0.051436851002173385,0.1801497222893021,0.5254237288135594,0.2824858757062147,011200,53033011200
113,112455.0,2845,1678,1167,6279,3070,563,24,1270,113,385,854,183,671,719600.0,1167,24,15,0,251,75,23,90,91,598,0,0.5898066783831283,0.4101933216168717,0.4889313584965759,0.08966395922917662,0.2022615066093327,0.003822264691829909,0.017996496257365824,0.06131549609810479,0.13600891861761427,0.6872322193658955,0.5124250214224507,011300,53033011300
114.01,93897.0,1887,1028,859,5052,2133,741,159,762,7,424,826,505,321,655500.0,859,0,70,36,64,156,45,79,78,321,10,0.5447800741918389,0.4552199258081611,0.42220902612826605,0.14667458432304037,0.1508313539192399,0.03147268408551069,0.0013855898653998416,0.08392715756136183,0.1634996041171813,0.6088474970896391,0.37369033760186265,011401,53033011401
114.02,118864.0,1988,1174,814,4490,2062,295,0,572,7,728,826,491,335,612700.0,814,40,87,141,178,112,47,50,12,147,0,0.5905432595573441,0.40945674044265595,0.4592427616926503,0.06570155902004454,0.12739420935412027,0.0,0.0015590200445434299,0.1621380846325167,0.18396436525612472,0.3144963144963145,0.18058968058968058,011402,53033011402
115,128073.0,2037,1418,619,4449,2904,123,0,375,0,127,920,399,521,781500.0,619,0,0,56,66,86,75,96,39,176,25,0.6961217476681394,0.30387825233186055,0.6527309507754552,0.027646662171274445,0.08428860418071477,0.0,0.0,0.028545740615868734,0.2067880422566869,0.6235864297253635,0.284329563812601,011500,53033011500
116.01,168618.0,1473,1185,288,3440,2721,12,0,236,14,16,441,249,192,1004800.0,288,21,8,44,23,44,34,0,0,87,27,0.8044806517311609,0.1955193482688391,0.7909883720930233,0.0034883720930232558,0.0686046511627907,0.0,0.004069767441860465,0.004651162790697674,0.12819767441860466,0.4201388888888889,0.3020833333333333,011601,53033011601
116.02,156250.0,1514,1100,414,3653,3044,47,0,114,0,107,341,69,272,946200.0,414,0,28,30,107,32,73,46,17,71,10,0.726552179656539,0.27344782034346105,0.8332877087325485,0.012866137421297564,0.031207226936764303,0.0,0.0,0.029290993703805092,0.09334793320558445,0.5,0.17149758454106281,011602,53033011602
117,93090.0,1757,1211,546,5914,1314,750,191,2811,0,348,500,185,315,691300.0,546,7,9,110,30,119,10,0,33,176,52,0.6892430278884463,0.3107569721115538,0.2221846466012851,0.12681772066283395,0.47531281704430167,0.03229624619546838,0.0,0.05884342238755495,0.08454514710855597,0.4010989010989011,0.32234432234432236,011700,53033011700
118.01,98342.0,1369,878,491,3478,1191,783,9,994,0,316,185,8,177,672800.0,491,0,12,164,47,63,51,1,39,104,10,0.6413440467494521,0.35865595325054783,0.3424381828637148,0.2251293847038528,0.28579643473260496,0.002587694077055779,0.0,0.09085681426106958,0.05319148936170213,0.3971486761710794,0.21181262729124237,011801,53033011801
118.02,,2069,925,1144,5167,1359,2073,107,453,0,746,429,101,328,703800.0,1144,15,22,70,130,65,94,84,271,290,103,0.4470758820686322,0.5529241179313679,0.26301528933617185,0.40119992258563963,0.08767176311205728,0.020708341397329206,0.0,0.14437778207857557,0.08302690149022644,0.6459790209790209,0.2534965034965035,011802,53033011802
119.01,119933.0,1467,1228,239,4925,1077,906,65,1960,0,134,783,41,742,616200.0,239,0,7,54,11,14,40,80,19,14,0,0.8370824812542604,0.1629175187457396,0.21868020304568528,0.18395939086294416,0.3979695431472081,0.013197969543147208,0.0,0.02720812182741117,0.15898477157360405,0.6401673640167364,0.058577405857740586,011901,53033011901
119.02,142689.0,1276,1171,105,3140,1253,386,5,1153,0,63,280,127,153,713200.0,105,0,0,18,0,5,10,30,42,0,0,0.9177115987460815,0.0822884012539185,0.39904458598726117,0.12292993630573248,0.36719745222929934,0.0015923566878980893,0.0,0.020063694267515923,0.08917197452229299,0.780952380952381,0.0,011902,53033011902
120,120398.0,1475,1257,218,3340,2632,2,23,107,0,218,358,79,279,693800.0,218,0,9,0,18,11,11,12,37,36,84,0.8522033898305085,0.14779661016949153,0.7880239520958083,0.0005988023952095808,0.032035928143712575,0.0068862275449101795,0.0,0.06526946107784432,0.10718562874251497,0.44036697247706424,0.1651376146788991,012000,53033012000
121,179250.0,1232,1145,87,2784,2090,46,0,241,0,28,379,126,253,966000.0,87,0,0,22,11,0,0,26,19,4,5,0.9293831168831169,0.07061688311688312,0.7507183908045977,0.016522988505747127,0.08656609195402298,0.0,0.0,0.010057471264367816,0.13613505747126436,0.5632183908045977,0.04597701149425287,012100,53033012100
201,166836.0,1399,1253,146,3545,2729,25,0,545,0,25,221,40,181,1107600.0,146,0,32,51,13,16,8,0,11,15,0,0.8956397426733381,0.1043602573266619,0.7698166431593794,0.007052186177715092,0.153737658674189,0.0,0.0,0.007052186177715092,0.06234132581100141,0.2328767123287671,0.10273972602739725,020100,53033020100
202,119444.0,2436,1851,585,5878,4306,296,36,498,0,114,628,253,375,848300.0,585,50,18,0,8,62,0,91,73,191,92,0.7598522167487685,0.24014778325123154,0.7325620959510037,0.05035726437563797,0.08472269479414767,0.006124532153793808,0.0,0.01939435182034706,0.10683906090506975,0.6068376068376068,0.3264957264957265,020200,53033020200
203.01,88250.0,1628,593,1035,3421,1950,142,0,563,0,288,478,215,263,751800.0,1035,12,63,96,190,195,108,23,81,239,28,0.3642506142506142,0.6357493857493858,0.5700087693656826,0.04150833089739842,0.1645717626425022,0.0,0.0,0.08418591055247004,0.1397252265419468,0.4357487922705314,0.23091787439613526,020301,53033020301
203.02,99776.0,1565,957,608,4151,2118,323,0,857,0,187,666,217,449,819100.0,608,24,0,60,10,101,41,39,96,237,0,0.6115015974440895,0.38849840255591056,0.5102384967477717,0.07781257528306432,0.20645627559624186,0.0,0.0,0.045049385690195135,0.16044326668272704,0.6792763157894737,0.38980263157894735,020302,53033020302
204.01,102237.0,1636,1015,621,4616,2939,321,53,614,0,224,465,101,364,768500.0,621,0,68,60,55,107,58,168,17,75,13,0.6204156479217604,0.3795843520782396,0.6366984402079723,0.06954072790294627,0.13301559792027728,0.011481802426343155,0.0,0.04852686308492201,0.10073656845753899,0.5120772946859904,0.12077294685990338,020401,53033020401
204.02,121212.0,2240,1572,668,5602,3807,108,91,637,4,153,802,44,758,817600.0,668,16,74,83,32,61,43,71,25,181,82,0.7017857142857142,0.2982142857142857,0.6795787218850411,0.019278828989646554,0.11370938950374866,0.016244198500535524,0.0007140307033202428,0.027311674401999286,0.14316315601570867,0.47904191616766467,0.27095808383233533,020402,53033020402
205,134688.0,3363,2189,1174,7825,4601,434,0,1379,0,213,1198,421,777,706700.0,1174,30,68,48,56,144,161,128,241,265,33,0.6509069283377936,0.3490930716622064,0.5879872204472844,0.05546325878594249,0.1762300319488818,0.0,0.0,0.02722044728434505,0.15309904153354634,0.6771720613287905,0.22572402044293016,020500,53033020500
206,166611.0,1267,1108,159,4036,2194,475,123,805,0,168,271,127,144,795100.0,159,19,0,0,0,62,9,15,32,22,0,0.8745067087608525,0.1254932912391476,0.543607532210109,0.11769078295341923,0.19945490584737363,0.03047571853320119,0.0,0.04162537165510406,0.06714568880079286,0.49056603773584906,0.13836477987421383,020600,53033020600
207,88686.0,1889,807,1082,4334,2411,462,180,507,0,401,373,49,324,811000.0,1082,79,31,84,170,165,190,149,17,197,0,0.4272101641079937,0.5727898358920064,0.5562990309183202,0.1065989847715736,0.1169820027688048,0.04153207198892478,0.0,0.09252422704199353,0.08606368251038302,0.511090573012939,0.18207024029574861,020700,53033020700
208,173015.0,1837,1471,366,4878,3514,113,6,490,12,165,578,157,421,985400.0,366,21,15,36,37,81,93,14,0,45,24,0.8007621121393577,0.19923788786064237,0.7203772037720377,0.02316523165231652,0.1004510045100451,0.0012300123001230013,0.0024600246002460025,0.033825338253382534,0.11849118491184912,0.41530054644808745,0.12295081967213115,020800,53033020800
209,101373.0,1822,1191,631,4300,2508,155,11,880,0,263,483,178,305,833500.0,631,0,0,21,109,128,109,48,0,158,58,0.6536772777167947,0.34632272228320526,0.5832558139534884,0.03604651162790698,0.20465116279069767,0.0025581395348837207,0.0,0.06116279069767442,0.11232558139534883,0.49920760697305866,0.25039619651347067,020900,53033020900
210,116203.0,2263,1698,565,5946,3556,1117,15,706,0,0,552,261,291,800700.0,565,18,20,48,97,45,107,111,0,66,53,0.7503314184710561,0.2496685815289439,0.5980491086444669,0.18785738311469896,0.11873528422468886,0.0025227043390514633,0.0,0.0,0.09283551967709384,0.5026548672566372,0.1168141592920354,021000,53033021000
211,126563.0,1658,1142,516,4357,3079,144,0,700,0,91,343,88,255,720000.0,516,41,70,13,68,105,27,19,20,98,55,0.6887816646562123,0.3112183353437877,0.7066789075051642,0.0330502639430801,0.1606610052788616,0.0,0.0,0.020885930686252007,0.07872389258664218,0.3178294573643411,0.18992248062015504,021100,53033021100
213,132292.0,1820,1134,686,4310,2509,564,0,722,3,180,332,181,151,872400.0,686,0,91,58,111,36,94,12,157,109,18,0.6230769230769231,0.3769230769230769,0.5821345707656612,0.1308584686774942,0.16751740139211138,0.0,0.0006960556844547563,0.04176334106728538,0.07703016241299304,0.5422740524781341,0.1588921282798834,021300,53033021300
214,159056.0,1456,1198,258,3763,3050,0,50,286,6,150,221,65,156,920700.0,258,7,36,0,64,7,0,9,109,16,10,0.8228021978021978,0.1771978021978022,0.8105235184693064,0.0,0.0760031889449907,0.013287270794578794,0.0015944724953494552,0.03986181238373638,0.05872973691203827,0.5193798449612403,0.06201550387596899,021400,53033021400
215,198980.0,1704,1496,208,4613,3169,78,0,341,74,32,919,339,580,1033800.0,208,79,0,0,29,11,0,0,25,37,27,0.8779342723004695,0.12206572769953052,0.6869716019943638,0.016908736180359853,0.07392152612182962,0.0,0.01604162150444396,0.006936917407327119,0.1992195967916757,0.2980769230769231,0.1778846153846154,021500,53033021500
216,142040.0,2191,1674,517,5774,4033,172,33,585,0,52,899,315,584,888300.0,517,15,49,41,88,36,102,41,65,66,14,0.764034687357371,0.23596531264262893,0.698475926567371,0.02978870800138552,0.10131624523727052,0.00571527537235885,0.0,0.009005888465535157,0.15569795635607897,0.5299806576402321,0.1276595744680851,021600,53033021600
217.01,183424.0,1531,950,581,4818,2462,259,1,1222,0,188,686,364,322,1054300.0,581,10,54,74,40,60,104,49,51,128,11,0.6205094709340301,0.37949052906597,0.5110004151100042,0.05375674553756746,0.2536322125363221,0.00020755500207555002,0.0,0.039020340390203405,0.14238273142382732,0.5714285714285714,0.22030981067125646,021701,53033021701
217.02,73649.0,2435,1077,1358,4876,2854,185,6,1009,3,201,618,389,229,556700.0,1358,160,58,76,115,185,45,8,463,203,45,0.44229979466119096,0.557700205338809,0.5853158326497129,0.03794093519278097,0.20693191140278916,0.0012305168170631665,0.0006152584085315833,0.04122231337161608,0.12674323215750616,0.5294550810014728,0.14948453608247422,021702,53033021702
218.02,159612.0,2205,1440,765,6117,3993,91,29,1148,20,216,620,183,437,1010100.0,765,0,49,72,116,146,85,16,62,178,41,0.6530612244897959,0.3469387755102041,0.6527709661598823,0.014876573483733856,0.18767369625633482,0.004740886055255845,0.003269576589831617,0.03531142717018146,0.10135687428478012,0.44575163398692813,0.2326797385620915,021802,53033021802
218.03,131090.0,3344,1636,1708,7097,5481,60,0,1092,0,148,316,109,207,943500.0,1708,19,49,179,268,218,220,142,137,340,136,0.4892344497607656,0.5107655502392344,0.7722981541496406,0.008454276454840074,0.15386783147808933,0.0,0.0,0.020853881921938846,0.044525855995491054,0.49121779859484777,0.1990632318501171,021803,53033021803
218.04,132533.0,2299,1118,1181,5589,4023,90,0,796,0,108,572,229,343,870200.0,1181,20,132,243,160,114,92,68,104,223,25,0.4862983906046107,0.5137016093953893,0.7198067632850241,0.01610305958132045,0.14242261585256755,0.0,0.0,0.01932367149758454,0.10234388978350331,0.4123624047417443,0.18882303132938189,021804,53033021804
219.03,97411.0,3041,1270,1771,6948,4006,417,0,1392,0,289,844,231,613,1025300.0,1771,51,291,77,101,264,250,64,144,512,17,0.4176257809930944,0.5823742190069057,0.5765687967760507,0.06001727115716753,0.2003454231433506,0.0,0.0,0.04159470351180196,0.12147380541162925,0.5477131564088086,0.2891022021456804,021903,53033021903
219.04,180035.0,1903,1393,510,5670,2924,45,25,1995,0,256,425,132,293,952800.0,510,17,63,45,101,72,70,15,30,97,0,0.7320021019442985,0.2679978980557015,0.5156966490299824,0.007936507936507936,0.35185185185185186,0.004409171075837742,0.0,0.045149911816578486,0.07495590828924162,0.41568627450980394,0.19019607843137254,021904,53033021904
219.05,136786.0,2180,1738,442,5756,3461,3,88,1012,75,224,893,442,451,829500.0,442,0,27,68,38,28,104,61,15,101,0,0.7972477064220184,0.20275229357798166,0.6012856150104239,0.0005211952744961779,0.17581653926337734,0.015288394718554551,0.013029881862404448,0.03891591382904795,0.15514246004169563,0.6357466063348416,0.22850678733031674,021905,53033021905
219.06,157273.0,1818,1263,555,4566,2371,44,12,1471,0,155,513,162,351,1048800.0,555,42,13,35,63,79,152,0,25,120,26,0.6947194719471947,0.30528052805280526,0.5192728865527815,0.009636443276390714,0.3221638195356986,0.002628120893561104,0.0,0.03394656154183093,0.11235216819973719,0.5351351351351351,0.21621621621621623,021906,53033021906
220.01,116154.0,2176,1443,733,5137,3563,17,13,875,0,104,565,136,429,986300.0,733,0,0,69,82,20,84,50,61,335,32,0.6631433823529411,0.3368566176470588,0.6935954837453767,0.0033093245084679776,0.17033287911232237,0.002530659918240218,0.0,0.020245279345921744,0.10998637336967101,0.723055934515689,0.45702592087312416,022001,53033022001
220.03,142155.0,2046,1332,714,5310,3679,72,101,660,0,201,597,287,310,909900.0,714,0,106,55,25,97,131,114,90,96,0,0.6510263929618768,0.3489736070381232,0.6928436911487759,0.013559322033898305,0.12429378531073447,0.019020715630885122,0.0,0.03785310734463277,0.11242937853107345,0.603641456582633,0.13445378151260504,022003,53033022003
220.05,134183.0,2106,1236,870,4557,2504,127,89,1095,0,198,544,270,274,810500.0,870,89,51,98,250,44,66,85,86,101,0,0.5868945868945868,0.4131054131054131,0.5494843098529735,0.027869212201009436,0.24028966425279788,0.019530392802282203,0.0,0.043449637919684,0.11937678297125302,0.38850574712643676,0.11609195402298851,022005,53033022005
220.06,139125.0,1945,1210,735,4541,2781,10,0,1272,0,100,378,207,171,885000.0,735,17,165,76,219,30,36,54,10,114,14,0.622107969151671,0.37789203084832906,0.612420171768333,0.002202158114952654,0.28011451222197753,0.0,0.0,0.022021581149526535,0.08324157674521031,0.291156462585034,0.15510204081632653,022006,53033022006
221.01,174891.0,2044,1739,305,5070,3956,84,19,451,0,118,442,138,304,942600.0,305,0,15,46,47,33,20,37,0,92,15,0.8507827788649707,0.14921722113502936,0.780276134122288,0.016568047337278107,0.08895463510848126,0.003747534516765286,0.0,0.023274161735700197,0.08717948717948718,0.4885245901639344,0.3016393442622951,022101,53033022101
221.02,186641.0,2321,1882,439,6641,4004,27,10,1465,0,136,999,732,267,1134700.0,439,0,34,86,88,39,16,22,58,85,11,0.8108573890564412,0.1891426109435588,0.6029212468001807,0.004065652763138082,0.22059930733323294,0.001505797319680771,0.0,0.020478843547658485,0.15042915223610903,0.4123006833712984,0.19362186788154898,022102,53033022102
222.01,132500.0,1748,1189,559,4371,3211,41,0,552,0,70,497,198,299,900700.0,559,0,40,78,123,11,95,4,0,163,45,0.6802059496567505,0.3197940503432494,0.7346145046900023,0.009380004575611988,0.1262868908716541,0.0,0.0,0.01601464195836193,0.11370395790436971,0.46869409660107336,0.29159212880143115,022201,53033022201
222.03,142895.0,2320,1530,790,5665,3740,0,0,1357,0,23,545,327,218,1238400.0,790,22,72,98,239,24,0,48,69,195,23,0.6594827586206896,0.34051724137931033,0.6601941747572816,0.0,0.23954104148278907,0.0,0.0,0.004060017652250662,0.09620476610767872,0.3949367088607595,0.2468354430379747,022203,53033022203
222.04,146319.0,1293,960,333,3247,2335,3,0,451,7,123,328,123,205,1008200.0,333,48,41,40,36,51,37,27,19,34,0,0.7424593967517401,0.25754060324825984,0.719125346473668,0.0009239297813366184,0.13889744379427163,0.0,0.0021558361564521095,0.03788112103480135,0.10101632275947028,0.35135135135135137,0.1021021021021021,022204,53033022204
222.05,126393.0,2041,709,1332,4201,2922,125,0,550,0,89,515,232,283,836300.0,1332,31,149,380,110,165,84,48,0,286,79,0.3473787359137678,0.6526212640862322,0.6955486788859795,0.029754820280885504,0.1309212092358962,0.0,0.0,0.021185432039990477,0.12258985955724827,0.3138138138138138,0.2147147147147147,022205,53033022205
223,204844.0,1058,1028,30,2699,1924,76,0,461,0,0,238,43,195,1355500.0,30,0,0,13,0,0,9,0,0,0,8,0.9716446124763705,0.02835538752362949,0.712856613560578,0.028158577250833643,0.17080400148203037,0.0,0.0,0.0,0.08818080770655798,0.3,0.0,022300,53033022300
224.01,147344.0,1516,835,681,3570,2603,0,0,384,0,202,381,194,187,1654700.0,681,31,160,0,79,39,37,73,84,147,31,0.5507915567282322,0.4492084432717678,0.7291316526610644,0.0,0.10756302521008404,0.0,0.0,0.05658263305322129,0.10672268907563025,0.5007342143906021,0.21585903083700442,022401,53033022401
224.02,143125.0,2902,1450,1452,5964,4946,1,16,397,0,120,484,179,305,,1452,89,144,374,147,66,216,23,84,299,10,0.4996554100620262,0.5003445899379738,0.829309188464118,0.00016767270288397049,0.06656606304493629,0.0026827632461435278,0.0,0.02012072434607646,0.08115358819584172,0.4283746556473829,0.2059228650137741,022402,53033022402
225.01,217011.0,1655,1274,381,4475,2868,278,69,743,8,196,313,82,231,1615500.0,381,51,12,68,8,98,26,10,51,40,17,0.7697885196374622,0.23021148036253777,0.6408938547486034,0.06212290502793296,0.16603351955307263,0.015418994413407822,0.001787709497206704,0.04379888268156425,0.06994413407821229,0.3333333333333333,0.10498687664041995,022501,53033022501
225.02,155417.0,2541,1283,1258,4429,2824,0,0,710,0,151,744,535,209,1107700.0,1258,167,95,259,98,103,96,112,117,189,22,0.5049193231011413,0.4950806768988587,0.6376157146082637,0.0,0.16030706705802664,0.0,0.0,0.034093474825016935,0.16798374350869272,0.40858505564387915,0.15023847376788554,022502,53033022502
226.03,155000.0,2640,1766,874,5991,3098,221,0,1991,0,82,599,56,543,1141300.0,874,40,104,61,69,95,0,201,99,157,48,0.668939393939394,0.33106060606060606,0.5171089968285763,0.03688866633283258,0.3323318310799533,0.0,0.0,0.013687197462860958,0.099983308295777,0.522883295194508,0.17963386727688788,022603,53033022603
226.04,226058.0,1919,1513,406,5142,3082,109,13,1338,0,92,508,111,397,1488700.0,406,15,99,51,31,119,12,9,23,37,10,0.7884314747264201,0.21156852527358,0.5993776740567872,0.021197977440684558,0.2602100350058343,0.002528199144301828,0.0,0.017891870867366783,0.09879424348502529,0.19950738916256158,0.09113300492610837,022604,53033022604
226.05,121371.0,2886,1324,1562,7324,3927,25,0,1930,0,472,970,707,263,1091700.0,1562,16,173,295,323,176,188,79,20,277,15,0.4587664587664588,0.5412335412335413,0.536182413981431,0.003413435281267067,0.2635172037138176,0.0,0.0,0.06444565811032223,0.1324412889131622,0.36107554417413573,0.17733674775928296,022605,53033022605
226.06,165707.0,2428,1729,699,6087,2902,84,43,2513,0,111,434,231,203,1149500.0,699,77,63,0,126,24,77,0,182,131,19,0.7121087314662273,0.28789126853377267,0.47675373747330374,0.013799901429275506,0.4128470510924922,0.007064235255462461,0.0,0.018235584031542632,0.07129949071792345,0.5579399141630901,0.18741058655221746,022606,53033022606
227.01,184125.0,1657,647,1010,3049,2106,67,12,663,0,14,187,21,166,1592000.0,1010,116,200,144,109,44,62,41,91,195,8,0.3904646952323476,0.6095353047676524,0.6907182682846835,0.02197441784191538,0.2174483437192522,0.003935716628402755,0.0,0.0045916693998032145,0.06133158412594293,0.38514851485148516,0.19306930693069307,022701,53033022701
227.02,236797.0,1267,988,279,4194,2842,41,13,760,0,94,444,173,271,,279,18,7,30,35,33,27,13,47,69,0,0.7797947908445146,0.2202052091554854,0.6776347162613257,0.00977587029089175,0.18121125417262757,0.003099666189794945,0.0,0.02241297091082499,0.10586552217453506,0.5591397849462365,0.24731182795698925,022702,53033022702
227.03,245036.0,1053,842,211,2985,1776,8,5,580,0,247,369,78,291,1535700.0,211,19,24,48,41,12,6,20,4,32,5,0.7996201329534662,0.2003798670465337,0.5949748743718593,0.002680067001675042,0.19430485762144054,0.0016750418760469012,0.0,0.08274706867671691,0.12361809045226131,0.2938388625592417,0.15165876777251186,022703,53033022703
228.02,168280.0,2474,1527,947,6701,3040,45,13,2515,0,494,594,117,477,979000.0,947,93,161,74,128,164,93,19,33,135,47,0.6172190784155214,0.3827809215844786,0.4536636322936875,0.006715415609610506,0.3753171168482316,0.0019400089538874794,0.0,0.07372034024772423,0.08864348604685868,0.29567053854276665,0.14255543822597677,022802,53033022802
228.03,175278.0,4150,716,3434,8604,3155,407,0,4657,0,187,198,134,64,1592500.0,3434,223,461,718,507,262,356,109,52,636,110,0.1725301204819277,0.8274698795180723,0.3666899116689912,0.047303579730357974,0.5412598791259879,0.0,0.0,0.021734077173407716,0.02301255230125523,0.3357600465928946,0.18520675596971461,022803,53033022803
228.04,107038.0,2282,493,1789,4654,1622,172,0,2307,222,38,293,100,193,466400.0,1789,146,208,209,232,341,65,176,37,320,55,0.21603856266432953,0.7839614373356705,0.3485174043833262,0.03695745595186936,0.4957026214009454,0.0,0.047700902449505804,0.008165019338203695,0.06295659647614955,0.33426495248742316,0.17887087758524314,022804,53033022804
228.05,163936.0,1669,774,895,3430,1231,24,0,1959,0,25,191,115,76,,895,120,224,153,150,14,25,0,49,122,38,0.46375074895146795,0.536249251048532,0.35889212827988337,0.006997084548104956,0.571137026239067,0.0,0.0,0.007288629737609329,0.055685131195335275,0.21899441340782122,0.13631284916201117,022805,53033022805
229.01,188672.0,1092,853,239,3178,1979,0,0,977,5,60,157,28,129,1251900.0,239,21,18,57,18,22,0,9,56,34,4,0.7811355311355311,0.21886446886446886,0.6227186910006294,0.0,0.30742605412208934,0.0,0.0015733165512901196,0.018879798615481436,0.04940213971050975,0.41422594142259417,0.14225941422594143,022901,53033022901
229.02,211797.0,2552,2004,548,6762,4430,6,0,1722,0,106,498,106,392,1324700.0,548,113,82,74,70,61,46,0,74,28,0,0.7852664576802508,0.21473354231974923,0.6551316178645371,0.0008873114463176575,0.2546583850931677,0.0,0.0,0.01567583555161195,0.07364685004436557,0.27007299270072993,0.051094890510948905,022902,53033022902
230,184332.0,2925,1564,1361,7398,3432,52,16,2605,0,216,1077,331,746,1273300.0,1361,68,179,273,146,240,141,98,24,159,33,0.5347008547008547,0.4652991452991453,0.46390916463909165,0.007028926736955934,0.3521221951878886,0.0021627466882941336,0.0,0.029197080291970802,0.14557988645579886,0.3100661278471712,0.11682586333578251,023000,53033023000
231,206705.0,1403,1101,302,4039,2237,87,11,1358,0,20,326,192,134,1110400.0,302,47,58,77,74,29,0,17,0,0,0,0.7847469707769066,0.21525302922309336,0.5538499628620945,0.02153998514483783,0.3362218370883882,0.002723446397623174,0.0,0.0049517207229512255,0.08071304778410497,0.056291390728476824,0.0,023100,53033023100
232.01,116683.0,2555,911,1644,6256,1642,146,0,4002,0,88,378,280,98,939700.0,1644,134,302,216,106,257,118,193,33,285,0,0.35655577299412916,0.6434442270058709,0.2624680306905371,0.023337595907928388,0.6397058823529411,0.0,0.0,0.014066496163682864,0.060421994884910485,0.38260340632603407,0.17335766423357665,023201,53033023201
232.02,99436.0,1921,801,1120,5554,1809,201,10,2087,0,1092,355,204,151,1128600.0,1120,36,53,312,134,54,98,23,35,286,89,0.41697032795419053,0.5830296720458095,0.325711199135758,0.036190133237306445,0.3757652142599928,0.0018005041411595247,0.0,0.19661505221462008,0.06391789701116313,0.39464285714285713,0.25535714285714284,023202,53033023202
233,180928.0,2455,1858,597,7388,3538,806,0,1950,0,154,940,279,661,1174800.0,597,104,99,81,53,17,75,63,0,59,46,0.7568228105906314,0.24317718940936864,0.47888467785598265,0.10909583107742285,0.26394152680021654,0.0,0.0,0.020844612885760692,0.12723335138061723,0.32998324958123953,0.09882747068676717,023300,53033023300
234.01,171144.0,1671,1008,663,4546,1412,64,0,2041,0,297,732,268,464,1076000.0,663,28,65,250,87,26,75,10,35,79,8,0.6032315978456014,0.39676840215439857,0.31060272767267927,0.014078310602727673,0.44896612406511216,0.0,0.0,0.06533216014078311,0.16102067751869775,0.30015082956259426,0.1191553544494721,023401,53033023401
234.03,172891.0,1437,1119,318,4076,2208,52,18,1398,0,75,325,155,170,1212600.0,318,0,69,29,55,8,17,0,20,96,24,0.778705636743215,0.22129436325678498,0.5417075564278705,0.012757605495583905,0.34298331697742884,0.004416094210009814,0.0,0.018400392541707555,0.07973503434739941,0.41823899371069184,0.3018867924528302,023403,53033023403
234.04,193750.0,1293,1020,273,3575,2577,91,0,536,51,100,220,27,193,1198600.0,273,0,96,42,7,29,43,8,8,0,40,0.7888631090487239,0.2111368909512761,0.7208391608391609,0.025454545454545455,0.14993006993006994,0.0,0.014265734265734267,0.027972027972027972,0.06153846153846154,0.21611721611721613,0.0,023404,53033023404
235,157102.0,1529,949,580,4027,2279,142,2,1151,74,103,276,109,167,1535100.0,580,28,50,116,73,64,14,38,41,152,4,0.6206671026814912,0.37933289731850883,0.5659299726843804,0.03526198162403774,0.2858207102061088,0.0004966476285075739,0.018375962254780234,0.025577352868140054,0.0685373727340452,0.4224137931034483,0.2620689655172414,023500,53033023500
236.01,163646.0,2106,1017,1089,4782,2167,101,37,1930,0,78,469,154,315,1513100.0,1089,52,179,171,92,34,10,51,107,385,8,0.4829059829059829,0.5170940170940171,0.45315767461313256,0.02112086992890004,0.40359682141363445,0.007737348389795065,0.0,0.01631116687578419,0.09807611877875366,0.5078053259871441,0.35353535353535354,023601,53033023601
236.03,134733.0,2623,932,1691,6176,1441,516,0,2873,0,107,1239,870,369,1418800.0,1691,159,311,182,101,253,0,62,77,423,123,0.3553183377811666,0.6446816622188334,0.23332253886010362,0.08354922279792747,0.4651878238341969,0.0,0.0,0.017325129533678756,0.20061528497409326,0.332347723240686,0.25014784151389713,023603,53033023603
236.04,125000.0,2552,1171,1381,6594,2476,162,14,2722,0,758,462,301,161,1149300.0,1381,62,247,75,221,117,155,68,74,305,57,0.4588557993730408,0.5411442006269592,0.3754928723081589,0.02456778889899909,0.41279951471034276,0.0021231422505307855,0.0,0.11495298756445253,0.07006369426751592,0.4359160028964518,0.22085445329471398,023604,53033023604
237.01,215938.0,1743,1048,695,4344,2256,34,20,1483,69,73,409,156,253,1755800.0,695,85,122,149,120,56,38,49,25,51,0,0.6012621916236374,0.3987378083763626,0.5193370165745856,0.007826887661141806,0.341390423572744,0.004604051565377533,0.015883977900552487,0.01680478821362799,0.09415285451197053,0.23453237410071942,0.07338129496402877,023701,53033023701
237.02,138702.0,813,86,727,1404,353,61,0,958,0,0,32,17,15,710800.0,727,14,126,131,124,93,19,22,16,160,22,0.1057810578105781,0.8942189421894219,0.2514245014245014,0.04344729344729345,0.6823361823361823,0.0,0.0,0.0,0.022792022792022793,0.2984869325997249,0.2200825309491059,023702,53033023702
238.01,140375.0,1577,634,943,3307,1379,0,0,1611,41,47,229,90,139,1561100.0,943,73,153,138,153,131,102,26,35,84,48,0.4020291693088142,0.5979708306911858,0.4169942546114303,0.0,0.48714847293619595,0.0,0.012397943755669792,0.014212276988206833,0.06924705170849713,0.26193001060445387,0.08907741251325557,023801,53033023801
238.05,170134.0,2295,216,2079,3877,1181,42,0,1987,0,61,606,325,281,750000.0,2079,138,422,455,283,138,25,53,80,324,161,0.09411764705882353,0.9058823529411765,0.3046169718854785,0.010833118390508125,0.5125096724271344,0.0,0.0,0.0157338148052618,0.15630642249161722,0.23184223184223185,0.15584415584415584,023805,53033023805
238.06,168782.0,2458,173,2285,4006,1429,136,0,2177,0,202,62,0,62,871300.0,2285,150,270,678,257,124,130,68,176,371,61,0.07038242473555736,0.9296175752644427,0.35671492760858714,0.03394907638542187,0.5434348477284074,0.0,0.0,0.050424363454817774,0.01547678482276585,0.32603938730853393,0.16236323851203502,023806,53033023806
238.07,200428.0,3525,726,2799,5905,2525,86,15,2637,0,58,584,185,399,1577800.0,2799,425,545,545,328,196,255,128,72,276,29,0.20595744680851064,0.7940425531914893,0.42760372565622357,0.014563928873835733,0.44657070279424216,0.002540220152413209,0.0,0.009822184589331075,0.09889923793395428,0.2611647016791711,0.09860664523043944,023807,53033023807
238.08,150438.0,1743,225,1518,2372,694,107,4,1244,0,58,265,96,169,1092200.0,1518,132,440,148,265,183,58,0,38,238,16,0.12908777969018934,0.8709122203098106,0.2925801011804384,0.045109612141652614,0.524451939291737,0.0016863406408094434,0.0,0.024451939291736932,0.11172006745362563,0.22002635046113306,0.15678524374176547,023808,53033023808
239.01,173365.0,1797,1037,760,4678,2403,85,27,1272,0,187,704,136,568,,760,12,124,59,133,62,11,69,30,204,56,0.577072899276572,0.42292710072342793,0.5136810602821719,0.018170158187259512,0.27191107310816587,0.005771697306541257,0.0,0.03997434801197093,0.15049166310389056,0.4131578947368421,0.26842105263157895,023901,53033023901
239.02,,1021,922,99,2709,1621,0,0,897,0,0,191,30,161,,99,13,50,12,0,12,0,0,0,0,12,0.9030362389813908,0.0969637610186092,0.598375784422296,0.0,0.33111849390919157,0.0,0.0,0.0,0.07050572166851236,0.0,0.0,023902,53033023902
240.01,171146.0,1742,1130,612,4566,2227,85,0,1991,0,32,231,97,134,,612,67,40,110,35,94,15,15,36,170,30,0.6486796785304249,0.3513203214695752,0.4877354358300482,0.018615856329391153,0.43604905825667983,0.0,0.0,0.00700832238282961,0.05059132720105125,0.38562091503267976,0.2777777777777778,024001,53033024001
240.02,166410.0,1611,823,788,4184,1934,2,0,2013,0,28,207,72,135,,788,29,87,71,100,83,63,20,35,218,82,0.5108628181253879,0.489137181874612,0.46223709369024857,0.0004780114722753346,0.4811185468451243,0.0,0.0,0.006692160611854685,0.04947418738049713,0.4263959390862944,0.2766497461928934,024002,53033024002
241,,1737,1591,146,4606,2525,0,18,1564,3,25,471,131,340,,146,8,14,25,28,7,19,10,8,17,10,0.9159470351180196,0.08405296488198043,0.5481980026052974,0.0,0.33955709943551887,0.0039079461571862786,0.0006513243595310464,0.005427702996092054,0.1022579244463743,0.3698630136986301,0.11643835616438356,024100,53033024100
242,,1010,803,207,2928,1698,0,5,843,0,18,364,5,359,,207,11,23,4,9,7,11,4,7,100,31,0.7950495049504951,0.20495049504950494,0.5799180327868853,0.0,0.28790983606557374,0.0017076502732240437,0.0,0.006147540983606557,0.12431693989071038,0.5893719806763285,0.4830917874396135,024200,53033024200
243.01,113824.0,2772,824,1948,5088,3095,67,0,1355,0,11,560,105,455,1224500.0,1948,37,305,155,376,142,112,172,95,429,125,0.2972582972582973,0.7027417027417028,0.6082940251572327,0.013168238993710692,0.266312893081761,0.0,0.0,0.002161949685534591,0.11006289308176101,0.41478439425051333,0.2202258726899384,024301,53033024301
243.02,,1348,1114,234,3744,2795,17,0,552,0,33,347,173,174,,234,0,60,35,1,9,0,0,0,122,7,0.8264094955489614,0.17359050445103857,0.7465277777777778,0.004540598290598291,0.14743589743589744,0.0,0.0,0.008814102564102564,0.09268162393162394,0.5213675213675214,0.5213675213675214,024302,53033024302
244,132625.0,1296,502,794,3252,1469,34,0,1434,0,0,315,116,199,1884300.0,794,20,38,154,119,58,57,17,64,237,30,0.3873456790123457,0.6126543209876543,0.4517220172201722,0.010455104551045511,0.44095940959409596,0.0,0.0,0.0,0.09686346863468635,0.4722921914357683,0.29848866498740556,024400,53033024400
245,,1760,1579,181,4966,2971,76,6,1275,0,85,553,165,388,,181,10,0,9,26,27,36,0,8,29,36,0.897159090909091,0.1028409090909091,0.5982682239226742,0.015304067660088603,0.256745871929118,0.0012082158679017317,0.0,0.0171163914619412,0.11135722915827628,0.40331491712707185,0.16022099447513813,024500,53033024500
246.01,,1695,1588,107,4772,3493,7,0,752,0,72,448,183,265,,107,4,10,25,31,7,0,0,0,30,0,0.9368731563421829,0.06312684365781711,0.7319782062028499,0.0014668901927912825,0.15758591785414922,0.0,0.0,0.015088013411567477,0.09388097233864208,0.2803738317757009,0.2803738317757009,024601,53033024601
246.02,,1197,1139,58,3485,2262,33,0,837,0,16,337,31,306,,58,0,15,0,7,24,12,0,0,0,0,0.9515455304928989,0.04845446950710108,0.6490674318507891,0.009469153515064563,0.24017216642754663,0.0,0.0,0.004591104734576757,0.09670014347202295,0.20689655172413793,0.0,024602,53033024602
247.01,152528.0,1419,965,454,3721,1384,87,0,1888,5,139,218,120,98,1209900.0,454,11,11,66,99,62,13,0,30,129,33,0.6800563777307963,0.31994362226920364,0.37194302606826124,0.023380811609782316,0.5073904864283795,0.0,0.0013437248051599033,0.03735554958344531,0.05858640150497178,0.3788546255506608,0.2841409691629956,024701,53033024701
247.03,213309.0,1559,1218,341,4075,2062,79,0,1668,0,35,231,49,182,1198100.0,341,14,44,127,7,19,42,39,29,7,13,0.7812700449005773,0.2187299550994227,0.5060122699386503,0.019386503067484663,0.40932515337423314,0.0,0.0,0.008588957055214725,0.056687116564417175,0.34310850439882695,0.020527859237536656,024703,53033024703
247.04,180625.0,1432,1166,266,4214,1779,100,0,1141,0,173,1021,915,106,1176200.0,266,0,6,17,38,12,43,11,0,104,35,0.8142458100558659,0.1857541899441341,0.4221642145230185,0.023730422401518746,0.2707641196013289,0.0,0.0,0.04105363075462743,0.2422876127195064,0.5939849624060151,0.39097744360902253,024704,53033024704
248,134038.0,2450,1650,800,6459,2854,141,18,2375,0,216,855,571,284,916800.0,800,9,108,30,60,113,0,30,66,384,0,0.673469387755102,0.32653061224489793,0.44186406564483666,0.02183000464468184,0.367703978944109,0.002786809103576405,0.0,0.03344170924291686,0.13237343241987923,0.6,0.48,024800,53033024800
249.01,219539.0,1635,1418,217,4849,1348,7,48,3152,0,103,191,23,168,1649200.0,217,13,12,40,51,15,12,10,7,42,15,0.8672782874617737,0.1327217125382263,0.2779954629820582,0.0014435966178593523,0.6500309342132399,0.009898948236749845,0.0,0.021241493091359042,0.03938956485873376,0.3271889400921659,0.1935483870967742,024901,53033024901
249.02,242500.0,1414,1268,146,4349,1966,106,9,1876,0,125,267,57,210,1412300.0,146,21,17,14,26,19,9,0,0,33,7,0.8967468175388967,0.10325318246110325,0.45205794435502417,0.02437341917682226,0.43136353184640147,0.002069441250862267,0.0,0.028742239595309266,0.061393423775580595,0.2876712328767123,0.22602739726027396,024902,53033024902
249.04,,1015,923,92,2909,648,107,0,1991,15,5,143,46,97,1553900.0,92,7,10,24,5,0,0,0,0,45,1,0.90935960591133,0.09064039408866995,0.2227569611550361,0.036782399449982815,0.6844276383636989,0.0,0.005156411137848058,0.0017188037126160192,0.04915778618081815,0.4891304347826087,0.4891304347826087,024904,53033024904
249.05,240568.0,1403,1263,140,3796,1299,0,0,2065,0,92,340,113,227,1570100.0,140,27,0,22,21,0,31,12,5,22,0,0.9002138275124733,0.09978617248752673,0.3422023182297155,0.0,0.5439936775553214,0.0,0.0,0.02423603793466807,0.08956796628029505,0.5,0.15714285714285714,024905,53033024905
250.01,167917.0,2163,1320,843,5599,2179,105,6,2332,28,447,502,101,401,1078800.0,843,0,66,84,62,93,18,147,60,313,0,0.6102635228848821,0.3897364771151179,0.3891766386854795,0.01875334881228791,0.4165029469548134,0.0010716199321307376,0.005000893016610109,0.07983568494373995,0.08965886765493838,0.638196915776987,0.37129300118623965,025001,53033025001
250.05,155855.0,2660,1502,1158,6352,2176,344,0,2720,0,48,1064,137,927,1458600.0,1158,42,16,119,227,194,34,53,48,325,100,0.5646616541353383,0.43533834586466164,0.3425692695214106,0.05415617128463476,0.4282115869017632,0.0,0.0,0.007556675062972292,0.16750629722921914,0.39723661485319517,0.28065630397236613,025005,53033025005
250.06,186278.0,2687,1961,726,6731,3558,86,0,2309,65,91,622,198,424,1101000.0,726,25,66,70,139,30,44,0,36,303,13,0.7298101972459993,0.27018980275400073,0.5285990194621899,0.012776704798692617,0.3430396672114099,0.0,0.009656811766453721,0.01351953647303521,0.09240826028821869,0.5275482093663911,0.41735537190082644,025006,53033025006
250.07,140685.0,1813,1034,779,4791,2220,383,11,1570,31,107,469,275,194,1738000.0,779,0,12,76,148,0,34,85,128,273,23,0.5703254274682846,0.42967457253171537,0.4633688165309956,0.07994155708620329,0.3276977666457942,0.00229597161344187,0.0064704654560634525,0.022333542058025464,0.0978918806094761,0.6675224646983312,0.3504492939666239,025007,53033025007
250.08,,864,751,113,2533,1510,3,0,877,0,10,133,82,51,1827800.0,113,0,0,13,6,13,6,75,0,0,0,0.8692129629629629,0.13078703703703703,0.5961310698776154,0.0011843663639952626,0.34622976707461506,0.0,0.0,0.0039478878799842085,0.05250690880378997,0.7168141592920354,0.0,025008,53033025008
251.01,128447.0,2080,1295,785,6208,2959,80,0,1484,0,502,1183,632,551,863000.0,785,0,44,93,112,151,77,102,0,206,0,0.6225961538461539,0.37740384615384615,0.47664304123711343,0.01288659793814433,0.23904639175257733,0.0,0.0,0.08086340206185567,0.19056056701030927,0.49044585987261147,0.2624203821656051,025101,53033025101
251.03,139167.0,1506,1114,392,4243,1474,151,0,1827,0,278,513,117,396,838400.0,392,44,29,26,22,8,88,26,33,49,67,0.7397078353253652,0.2602921646746348,0.3473957105821353,0.03558802733914683,0.4305915625736507,0.0,0.0,0.06551967947207164,0.12090502003299552,0.5,0.125,025103,53033025103
251.04,190640.0,1274,1109,165,4358,1229,182,9,2025,0,110,803,246,557,893500.0,165,0,9,0,20,74,8,0,38,16,0,0.8704866562009419,0.12951334379905807,0.2820100963744837,0.041762276273519965,0.4646626893070216,0.002065167508031207,0.0,0.025240936209270308,0.18425883432767323,0.37575757575757573,0.09696969696969697,025104,53033025104
252.01,126786.0,1572,1170,402,3807,1529,338,6,1510,0,39,385,55,330,686700.0,402,0,18,25,69,57,17,0,61,110,45,0.7442748091603053,0.25572519083969464,0.4016285789335435,0.08878381928027318,0.3966377725242973,0.0015760441292356187,0.0,0.01024428684003152,0.10112949829261886,0.46766169154228854,0.2736318407960199,025201,53033025201
252.02,120359.0,1922,1113,809,4609,2143,193,14,913,76,200,1070,588,482,748400.0,809,85,29,98,106,24,244,20,81,95,27,0.5790842872008325,0.4209157127991675,0.4649598611412454,0.041874593187242355,0.19809069212410502,0.0030375352571056628,0.01648947711000217,0.04339336081579518,0.23215448036450423,0.5438813349814586,0.11742892459826947,025202,53033025202
253.02,58243.0,2982,545,2437,4921,2525,622,81,970,46,207,470,102,368,536900.0,2437,46,95,206,174,473,224,192,190,817,20,0.18276324614352785,0.8172367538564722,0.5131070920544605,0.1263970737654948,0.19711440764072344,0.01646006909164804,0.009347693558219874,0.042064621011989434,0.09550904287746392,0.5839146491588018,0.3352482560525236,025302,53033025302
253.03,83792.0,1546,153,1393,2527,1341,442,57,396,0,11,280,39,241,609400.0,1393,0,158,125,165,83,94,130,201,342,95,0.09896507115135834,0.9010349288486417,0.5306687772061733,0.1749109616145627,0.15670755836960823,0.022556390977443608,0.0,0.004352987732489117,0.11080332409972299,0.5506101938262742,0.2455132806891601,025303,53033025303
253.04,130521.0,1576,887,689,4153,2644,100,0,1133,0,17,259,49,210,1051900.0,689,0,0,93,195,202,14,29,40,97,19,0.5628172588832487,0.43718274111675126,0.6366482061160607,0.024078979051288224,0.2728148326510956,0.0,0.0,0.0040934264387189985,0.0623645557428365,0.2612481857764877,0.14078374455732948,025304,53033025304
254.01,74067.0,1675,542,1133,3764,1327,329,25,612,0,409,1062,801,261,542700.0,1133,9,14,206,167,73,238,84,25,317,0,0.3235820895522388,0.6764179104477612,0.35255047821466523,0.08740701381509033,0.16259298618490967,0.0066418703506907545,0.0,0.10866099893730075,0.2821466524973433,0.5860547219770521,0.2797881729920565,025401,53033025401
254.02,101864.0,1367,527,840,3486,1348,485,92,609,0,367,585,309,276,555700.0,840,20,35,94,132,151,71,59,74,204,0,0.38551572787125093,0.6144842721287491,0.38668961560527826,0.1391279403327596,0.1746987951807229,0.026391279403327597,0.0,0.10527825588066551,0.16781411359724613,0.4857142857142857,0.24285714285714285,025402,53033025402
255,78800.0,2048,987,1061,5487,2602,755,0,1188,36,236,670,424,246,600100.0,1061,74,49,54,75,193,66,40,199,281,30,0.48193359375,0.51806640625,0.47421177328230363,0.13759795881173684,0.2165117550574084,0.0,0.0065609622744669215,0.043010752688172046,0.12210679788591215,0.5523091423185674,0.2648444863336475,025500,53033025500
256.01,92500.0,1942,1254,688,5425,2357,303,141,1326,238,536,524,258,266,530300.0,688,15,33,83,161,27,137,14,73,145,0,0.6457260556127703,0.35427394438722964,0.4344700460829493,0.05585253456221198,0.24442396313364056,0.02599078341013825,0.04387096774193548,0.09880184331797236,0.09658986175115207,0.5363372093023255,0.21075581395348839,025601,53033025601
256.02,167760.0,2238,2077,161,6758,2892,183,1,2132,0,198,1352,988,364,873300.0,161,0,24,32,8,33,0,0,33,16,15,0.9280607685433423,0.07193923145665773,0.4279372595442439,0.027079017460787214,0.31547795205682155,0.0001479727730097662,0.0,0.02929860905593371,0.2000591891092039,0.30434782608695654,0.09937888198757763,025602,53033025602
257.02,139609.0,1212,969,243,3448,1957,174,0,850,18,10,439,199,240,667400.0,243,0,7,35,34,28,53,24,28,34,0,0.7995049504950495,0.2004950495049505,0.5675754060324826,0.05046403712296984,0.24651972157772623,0.0,0.005220417633410673,0.002900232018561485,0.1273201856148492,0.5720164609053497,0.13991769547325103,025702,53033025702
257.03,84346.0,1614,379,1235,3272,1291,434,21,597,120,421,388,127,261,449000.0,1235,13,91,119,110,280,108,110,38,356,10,0.23482032218091697,0.765179677819083,0.394559902200489,0.132640586797066,0.18245721271393642,0.006418092909535452,0.03667481662591687,0.12866748166259168,0.11858190709046455,0.49554655870445347,0.28825910931174087,025703,53033025703
257.04,100422.0,1365,620,745,3999,2286,268,6,372,107,261,699,244,455,721500.0,745,45,55,78,98,343,47,19,10,50,0,0.4542124542124542,0.5457875457875457,0.5716429107276819,0.06701675418854713,0.09302325581395349,0.0015003750937734434,0.026756689172293072,0.06526631657914479,0.17479369842460615,0.1691275167785235,0.06711409395973154,025704,53033025704
258.03,83284.0,1774,911,863,5153,1852,903,14,830,0,664,890,559,331,517300.0,863,10,53,21,123,96,57,147,62,284,10,0.5135287485907554,0.48647125140924463,0.35940228992819717,0.17523772559673975,0.16107122064816612,0.0027168639627401514,0.0,0.1288569765185329,0.1727149233456239,0.6373117033603708,0.3290845886442642,025803,53033025803
258.04,98281.0,1325,1044,281,3761,2127,198,27,518,0,249,642,277,365,569300.0,281,0,86,75,7,7,0,18,9,73,6,0.7879245283018868,0.2120754716981132,0.565541079500133,0.052645572985908,0.1377293273065674,0.007178941770805637,0.0,0.0662057963307631,0.1706992821058229,0.35587188612099646,0.2597864768683274,025804,53033025804
258.05,97161.0,2287,1459,828,5134,2416,663,47,1149,31,143,685,430,255,511600.0,828,46,0,106,175,61,145,56,146,55,38,0.6379536510712724,0.3620463489287276,0.47058823529411764,0.1291390728476821,0.22380210362290612,0.009154655239579276,0.006038176860148033,0.02785352551616673,0.1334242306194001,0.4855072463768116,0.06642512077294686,025805,53033025805
258.06,90750.0,1816,1053,763,5037,1382,591,9,1793,0,655,607,225,382,678500.0,763,21,60,80,77,131,12,52,93,218,19,0.5798458149779736,0.42015418502202645,0.27436966448282707,0.11733174508636093,0.3559658526900933,0.001786777843954735,0.0,0.1300377208655946,0.12050823903116935,0.49148099606815204,0.2857142857142857,025806,53033025806
260.01,120813.0,2131,1678,453,5946,2187,1106,6,1661,0,24,962,178,784,713400.0,453,0,24,15,141,6,16,0,13,214,24,0.7874237447207884,0.21257625527921165,0.36781029263370335,0.18600739993272788,0.27934746047763204,0.0010090817356205853,0.0,0.004036326942482341,0.16178943827783385,0.5364238410596026,0.47240618101545256,026001,53033026001
260.03,71429.0,1370,255,1115,4290,1024,1554,9,600,10,382,711,289,422,526300.0,1115,27,130,159,41,28,184,75,30,441,0,0.18613138686131386,0.8138686131386861,0.2386946386946387,0.3622377622377622,0.13986013986013987,0.002097902097902098,0.002331002331002331,0.08904428904428904,0.16573426573426572,0.6547085201793722,0.3955156950672646,026003,53033026003
260.04,108125.0,1450,915,535,4321,1574,572,49,1447,0,435,244,75,169,746900.0,535,0,38,91,81,22,12,28,10,253,0,0.6310344827586207,0.3689655172413793,0.3642675306641981,0.1323767646378153,0.3348761860680398,0.01133996760009257,0.0,0.10067114093959731,0.05646841009025688,0.5663551401869159,0.47289719626168225,026004,53033026004
261.01,91823.0,1484,772,712,3726,882,1006,44,1057,0,212,525,175,350,654200.0,712,13,19,44,136,130,17,46,136,171,0,0.5202156334231806,0.4797843665768194,0.23671497584541062,0.26999463231347287,0.28368223295759526,0.011808910359634998,0.0,0.05689747718733226,0.14090177133655393,0.5196629213483146,0.2401685393258427,026101,53033026101
261.02,57092.0,1408,715,693,4016,1037,880,87,1225,34,397,356,79,277,521000.0,693,0,0,10,10,70,10,17,130,371,75,0.5078125,0.4921875,0.2582171314741036,0.21912350597609562,0.30502988047808766,0.02166334661354582,0.00846613545816733,0.09885458167330677,0.08864541832669323,0.7619047619047619,0.5353535353535354,026102,53033026102
262,76399.0,2799,787,2012,5618,1780,970,36,690,216,1141,785,232,553,374000.0,2012,54,219,162,289,280,32,160,223,361,232,0.2811718470882458,0.7188281529117542,0.3168387326450694,0.17265930936276255,0.1228195087219651,0.006407974368102528,0.03844784620861517,0.20309718761124956,0.13972944108223567,0.3856858846918489,0.1794234592445328,026200,53033026200
263,89483.0,524,306,218,1717,380,231,90,687,8,190,131,46,85,595600.0,218,0,16,3,23,26,51,6,22,71,0,0.583969465648855,0.41603053435114506,0.221316249271986,0.13453698311007573,0.40011648223645896,0.052417006406523005,0.004659289458357601,0.110658124635993,0.0762958648806057,0.6880733944954128,0.3256880733944954,026300,53033026300
264,79378.0,2073,966,1107,5844,2284,636,410,428,104,1342,640,427,213,463600.0,1107,29,19,154,134,101,197,0,67,345,61,0.46599131693198265,0.5340086830680174,0.39082819986310746,0.10882956878850103,0.0732375085557837,0.0701574264202601,0.01779603011635866,0.229637234770705,0.10951403148528405,0.5501355013550135,0.3116531165311653,026400,53033026400
265,85952.0,1576,763,813,4282,1447,936,22,760,0,486,631,409,222,652100.0,813,40,53,25,210,58,127,110,70,93,27,0.48413705583756345,0.5158629441624365,0.33792620270901447,0.2185894441849603,0.17748715553479683,0.005137786081270434,0.0,0.11349836524988323,0.14736104624007473,0.4920049200492005,0.11439114391143912,026500,53033026500
266,116250.0,869,605,264,2201,946,72,37,547,14,260,325,164,161,658500.0,264,9,13,13,56,15,52,17,49,36,4,0.6962025316455697,0.3037974683544304,0.4298046342571558,0.03271240345297592,0.24852339845524762,0.016810540663334848,0.006360745115856429,0.11812812358019083,0.14766015447523853,0.5833333333333334,0.13636363636363635,026600,53033026600
267,101836.0,2051,1276,775,6265,2904,1024,13,1192,0,833,299,196,103,800800.0,775,0,0,18,113,200,131,0,66,245,2,0.6221355436372501,0.3778644563627499,0.46352753391859536,0.16344772545889863,0.19026336791699922,0.0020750199521149242,0.0,0.1329608938547486,0.047725458898643255,0.5703225806451613,0.3161290322580645,026700,53033026700
268.01,82434.0,2377,1179,1198,5997,2260,790,53,1409,0,1114,371,194,177,590000.0,1198,33,63,158,21,94,263,158,77,297,34,0.4960033655868742,0.5039966344131258,0.37685509421377356,0.13173253293313322,0.2349508087377022,0.008837752209438053,0.0,0.1857595464398866,0.06186426546606637,0.6636060100166945,0.24791318864774625,026801,53033026801
268.02,85284.0,2125,1150,975,6279,1991,283,50,1725,34,1290,906,629,277,627800.0,975,0,45,95,117,143,25,61,99,350,40,0.5411764705882353,0.4588235294117647,0.3170887083930562,0.04507087115782768,0.27472527472527475,0.00796305144131231,0.005414874980092371,0.20544672718585763,0.14429049211657907,0.5487179487179488,0.358974358974359,026802,53033026802
270,113611.0,1148,840,308,3293,1707,59,105,800,14,266,342,237,105,581900.0,308,13,19,13,5,74,19,111,43,11,0,0.7317073170731707,0.2682926829268293,0.5183723048891589,0.017916793197692075,0.2429395687822654,0.031885818402672336,0.004251442453689645,0.08077740662010324,0.10385666565441846,0.5974025974025974,0.03571428571428571,027000,53033027000
271,72386.0,1451,631,820,4334,1403,508,20,980,0,882,541,420,121,569600.0,820,0,0,73,211,151,34,17,74,223,37,0.43487250172294967,0.5651274982770503,0.32371942778034146,0.1172127365020766,0.22611905860636825,0.0046146746654360865,0.0,0.20350715274573142,0.12482694970004615,0.424390243902439,0.27195121951219514,027100,53033027100
272,79871.0,1047,503,544,3086,1143,183,33,641,214,712,160,150,10,516300.0,544,30,37,41,14,38,95,31,115,143,0,0.4804202483285578,0.5195797516714422,0.37038237200259233,0.059300064808814,0.20771224886584574,0.01069345430978613,0.06934543097861309,0.23071937783538563,0.05184705119896306,0.7058823529411765,0.26286764705882354,027200,53033027200
273,110147.0,1994,1256,738,7194,2371,820,248,2294,170,750,541,332,209,535300.0,738,0,148,177,47,62,89,0,21,173,21,0.629889669007021,0.37011033099297896,0.3295802057269947,0.11398387545176536,0.3188768418126216,0.03447317208785099,0.02363080344731721,0.1042535446205171,0.075201556852933,0.38346883468834686,0.23441734417344173,027300,53033027300
274,94617.0,1801,1256,545,5314,2562,267,85,1021,235,547,597,339,258,541200.0,545,0,66,43,49,38,53,55,67,139,35,0.6973903387007219,0.3026096612992782,0.4821226947685359,0.05024463680843056,0.19213398569815582,0.015995483628152053,0.04422280767783214,0.10293564170116673,0.11234474971772676,0.5761467889908257,0.25504587155963304,027400,53033027400
275,78926.0,1913,1234,679,5001,2156,104,7,878,0,1158,698,398,300,592600.0,679,28,73,45,21,181,42,0,89,187,13,0.6450601150026137,0.3549398849973863,0.4311137772445511,0.020795840831833633,0.17556488702259548,0.0013997200559888023,0.0,0.23155368926214756,0.13957208558288342,0.4683357879234168,0.27540500736377027,027500,53033027500
276,93649.0,1646,857,789,4243,1976,316,0,287,12,944,708,197,511,827500.0,789,0,66,126,63,36,124,37,96,168,73,0.5206561360874848,0.4793438639125152,0.46570822531227907,0.07447560688192317,0.0676408201744049,0.0,0.0028281876031110063,0.2224840914447325,0.16686306858354938,0.5386565272496832,0.21292775665399238,027600,53033027600
277.01,108101.0,2122,1739,383,5180,4164,12,62,181,98,40,623,254,369,697500.0,383,16,0,56,21,43,72,33,0,126,16,0.8195098963242224,0.18049010367577756,0.8038610038610039,0.0023166023166023165,0.03494208494208494,0.011969111969111969,0.01891891891891892,0.007722007722007722,0.12027027027027028,0.6031331592689295,0.3289817232375979,027701,53033027701
277.02,130625.0,2058,1717,341,4754,4015,24,1,67,0,32,615,397,218,868900.0,341,74,14,38,40,18,0,14,0,116,27,0.8343051506316812,0.16569484936831877,0.8445519562473707,0.005048380311316786,0.01409339503575936,0.00021034917963819942,0.0,0.006731173748422381,0.12936474547749263,0.3812316715542522,0.34017595307917886,027702,53033027702
278,163182.0,1386,1275,111,3384,2745,37,13,170,10,46,363,109,254,927300.0,111,0,48,26,0,11,0,0,4,22,0,0.9199134199134199,0.08008658008658008,0.8111702127659575,0.010933806146572104,0.050236406619385346,0.0038416075650118202,0.002955082742316785,0.013593380614657211,0.10726950354609929,0.23423423423423423,0.1981981981981982,027800,53033027800
279.01,140000.0,1600,1150,450,4257,3172,64,3,316,7,420,275,42,233,670800.0,450,0,120,50,44,37,55,45,12,87,0,0.71875,0.28125,0.7451256753582335,0.015034061545689453,0.07423067888184168,0.0007047216349541931,0.001644350481559784,0.09866102889358704,0.06459948320413436,0.44222222222222224,0.19333333333333333,027901,53033027901
279.02,73393.0,1791,572,1219,3250,1687,194,79,224,114,581,371,196,175,520600.0,1219,23,75,165,47,320,94,93,160,225,17,0.3193746510329425,0.6806253489670575,0.5190769230769231,0.05969230769230769,0.06892307692307692,0.024307692307692308,0.035076923076923075,0.17876923076923076,0.11415384615384615,0.4692370795734208,0.184577522559475,027902,53033027902
280,85482.0,1584,445,1139,3538,1387,667,0,476,0,527,481,205,276,591800.0,1139,26,0,74,118,354,204,67,36,252,8,0.2809343434343434,0.7190656565656566,0.39202939513849633,0.1885245901639344,0.13453928773318258,0.0,0.0,0.1489542114188807,0.13595251554550594,0.49078138718173836,0.2212467076382792,028000,53033028000
281,68284.0,1008,415,593,3043,467,895,58,699,135,544,245,61,184,537800.0,593,18,27,36,101,50,30,8,92,214,17,0.4117063492063492,0.5882936507936508,0.1534669733815314,0.29411764705882354,0.22970752546828788,0.019060138021689123,0.04436411436082813,0.1787709497206704,0.08051265198816956,0.5801011804384486,0.3608768971332209,028100,53033028100
282,68702.0,2077,852,1225,5049,1506,1393,17,1014,134,525,460,332,128,407400.0,1225,0,25,44,139,188,77,145,301,306,0,0.4102070293692826,0.5897929706307173,0.29827688651218065,0.2758962170726877,0.20083184789067143,0.003367003367003367,0.02653990889285007,0.10398098633392751,0.09110714993067934,0.676734693877551,0.24979591836734694,028200,53033028200
283,115700.0,2344,1737,607,5902,2261,828,18,1980,42,176,597,148,449,597100.0,607,0,63,84,127,53,27,0,143,77,33,0.7410409556313993,0.2589590443686007,0.3830904778041342,0.14029142663503896,0.3354794984750932,0.003049813622500847,0.00711623178583531,0.02982039986445273,0.10115215181294476,0.40691927512355847,0.12685337726523888,028300,53033028300
284.02,82256.0,2203,797,1406,6158,1499,2342,44,652,22,1306,293,113,180,559400.0,1406,0,274,205,97,50,307,43,148,268,14,0.36177939173853835,0.6382206082614617,0.24342318934719065,0.3803182851575187,0.10587853199090613,0.0071451770055212735,0.0035725885027606367,0.21208184475479053,0.04758038324131211,0.5448079658605974,0.1906116642958748,028402,53033028402
284.03,61188.0,2842,1263,1579,6222,1650,2027,0,1293,40,326,886,417,469,307700.0,1579,15,175,43,240,145,241,125,177,418,0,0.444405348346235,0.555594651653765,0.2651880424300868,0.32577949212471874,0.2078109932497589,0.0,0.006428801028608165,0.05239472838315654,0.14239794278367085,0.6086130462317922,0.26472450918302726,028403,53033028403
285,98478.0,1652,978,674,4309,1936,504,14,559,0,394,902,153,749,599600.0,674,9,35,72,122,48,106,18,45,158,61,0.5920096852300242,0.40799031476997577,0.4492921791598979,0.1169644929217916,0.12972847528428869,0.0032490136922719887,0.0,0.0914365281967974,0.20932931074495242,0.48516320474777447,0.2344213649851632,028500,53033028500
286,158482.0,2527,2048,479,6631,5381,60,0,324,0,67,799,419,380,1003900.0,479,0,20,41,95,80,44,27,75,97,0,0.8104471705579739,0.18955282944202612,0.8114914794148695,0.009048408988086261,0.04886140853566581,0.0,0.0,0.010104056703362991,0.12049464635801538,0.5073068893528184,0.20250521920668058,028600,53033028600
287,132207.0,1697,1572,125,4974,3014,257,42,638,0,183,840,419,421,623800.0,125,0,0,0,16,13,8,9,10,20,49,0.9263406010606954,0.07365939893930465,0.6059509449135505,0.05166867712102935,0.1282669883393647,0.008443908323281062,0.0,0.0367913148371532,0.16887816646562123,0.376,0.16,028700,53033028700
288.01,71682.0,1062,524,538,3477,2097,532,49,442,0,72,285,50,235,558600.0,538,0,21,38,5,48,139,9,117,161,0,0.4934086629001883,0.5065913370998116,0.6031061259706644,0.15300546448087432,0.1271210813920046,0.014092608570606844,0.0,0.02070750647109577,0.08196721311475409,0.79182156133829,0.2992565055762082,028801,53033028801
288.02,59208.0,2687,808,1879,7389,1664,1735,0,499,210,2382,899,195,704,626600.0,1879,0,0,137,184,34,228,101,653,542,0,0.3007071082992185,0.6992928917007816,0.22519962105832994,0.23480849912031398,0.06753281905535255,0.0,0.028420625253755584,0.3223710921640276,0.12166734334822032,0.8110697179350719,0.28845130388504525,028802,53033028802
289.01,86140.0,1682,922,760,3687,2338,70,17,394,72,463,333,61,272,595800.0,760,0,0,17,89,84,123,49,67,304,27,0.5481569560047562,0.4518430439952438,0.6341198806617846,0.01898562516951451,0.10686194738269596,0.004610794684024953,0.01952807160292921,0.12557634933550313,0.09031733116354759,0.7144736842105263,0.4,028901,53033028901
289.02,57651.0,2663,772,1891,7428,2032,1824,37,425,418,1452,1240,459,781,482500.0,1891,38,125,33,146,232,65,142,327,770,13,0.2898986105895606,0.7101013894104393,0.2735595045772752,0.2455573505654281,0.057215939687668284,0.00498115239633818,0.05627355950457728,0.19547657512116318,0.16693591814754982,0.6895822316234796,0.4071919619249075,028902,53033028902
290.01,105087.0,1661,1107,554,3833,2367,204,6,407,0,231,618,275,343,558100.0,554,0,93,8,52,111,45,14,9,171,51,0.6664659843467791,0.33353401565322094,0.6175319593008087,0.05322201930602661,0.1061831463605531,0.0015653535090007827,0.0,0.060266110096530136,0.1612314114270806,0.4314079422382672,0.30866425992779783,029001,53033029001
290.03,96970.0,1970,1101,869,6190,1799,1237,5,1143,140,936,930,223,707,594800.0,869,0,0,62,24,196,108,265,97,117,0,0.5588832487309645,0.44111675126903555,0.2906300484652666,0.1998384491114701,0.18465266558966073,0.0008077544426494346,0.022617124394184167,0.15121163166397414,0.15024232633279483,0.6754890678941312,0.13463751438434982,029003,53033029003
290.04,47988.0,1294,509,785,4620,838,68,81,835,10,1393,1395,385,1010,446200.0,785,0,22,48,116,57,47,24,92,350,29,0.39335394126738793,0.606646058732612,0.18138528138528137,0.01471861471861472,0.18073593073593072,0.01753246753246753,0.0021645021645021645,0.3015151515151515,0.30194805194805197,0.6535031847133758,0.445859872611465,029004,53033029004
291.01,111298.0,1519,1048,471,4544,1353,1443,0,950,16,366,416,140,276,548700.0,471,0,72,42,51,13,13,17,80,163,20,0.6899275839368005,0.31007241606319946,0.29775528169014087,0.3175616197183099,0.20906690140845072,0.0,0.0035211267605633804,0.08054577464788733,0.09154929577464789,0.5796178343949044,0.346072186836518,029101,53033029101
291.02,97589.0,1551,1033,518,5578,1611,566,11,1261,35,1565,529,135,394,602900.0,518,0,63,35,88,112,18,0,0,202,0,0.6660219213410703,0.3339780786589297,0.2888131946934385,0.10147006095374686,0.22606669057009682,0.001972032986733596,0.00627465041233417,0.28056651129437077,0.09483685908927932,0.4247104247104247,0.38996138996138996,029102,53033029102
292.03,76597.0,1549,500,1049,4407,1994,516,0,481,142,777,497,176,321,475600.0,1049,61,37,116,71,226,76,36,157,269,0,0.32278889606197547,0.6772111039380245,0.4524619922850011,0.11708645336963922,0.10914454277286136,0.0,0.032221465849784435,0.17631041524846836,0.11277513047424552,0.5128693994280267,0.25643469971401334,029203,53033029203
292.05,89132.0,2071,1327,744,4813,1559,890,57,632,406,921,348,249,99,422200.0,744,31,27,44,111,111,112,17,78,213,0,0.6407532592950266,0.3592467407049734,0.3239143985040515,0.18491585289840018,0.13131103261998753,0.011842925410346978,0.08435487222106794,0.19135674215665904,0.07230417618948681,0.5645161290322581,0.2862903225806452,029205,53033029205
292.06,51875.0,2047,179,1868,5060,1043,950,0,469,1031,988,579,282,297,323700.0,1868,81,28,80,210,152,334,111,94,778,0,0.08744504152418173,0.9125549584758182,0.20612648221343874,0.18774703557312253,0.09268774703557313,0.0,0.20375494071146244,0.19525691699604744,0.11442687747035574,0.7050321199143469,0.4164882226980728,029206,53033029206
292.07,123487.0,925,894,31,2701,898,88,0,1267,27,139,282,27,255,736500.0,31,0,0,0,0,0,9,0,0,22,0,0.9664864864864865,0.03351351351351351,0.332469455757127,0.03258052573121066,0.46908552388004443,0.0,0.009996297667530544,0.05146242132543503,0.10440577563865235,1.0,0.7096774193548387,029207,53033029207
292.08,71538.0,1649,323,1326,4363,1339,1050,30,1009,0,356,579,100,479,518200.0,1326,95,70,60,133,185,117,43,141,446,36,0.1958762886597938,0.8041237113402062,0.3068989227595691,0.2406600962640385,0.231262892505157,0.0068760027504011,0.0,0.08159523263809305,0.13270685308274124,0.5633484162895928,0.33634992458521873,029208,53033029208
293.04,136111.0,1894,1396,498,5238,2336,323,132,1260,49,364,774,143,631,683900.0,498,0,72,128,54,45,39,36,50,74,0,0.737064413938754,0.26293558606124606,0.4459717449408171,0.0616647575410462,0.24054982817869416,0.025200458190148912,0.009354715540282551,0.06949217258495609,0.14776632302405499,0.39959839357429716,0.14859437751004015,029304,53033029304
293.05,119444.0,1574,1393,181,4884,1566,513,46,1804,0,252,703,104,599,701600.0,181,0,0,53,18,42,0,24,0,0,44,0.8850063532401525,0.11499364675984752,0.32063882063882065,0.10503685503685503,0.36936936936936937,0.009418509418509418,0.0,0.051597051597051594,0.14393939393939395,0.13259668508287292,0.0,029305,53033029305
293.06,117500.0,1266,983,283,3640,1166,650,10,1087,61,294,372,102,270,593800.0,283,5,10,34,48,0,14,0,22,83,67,0.7764612954186414,0.2235387045813586,0.32032967032967036,0.17857142857142858,0.2986263736263736,0.0027472527472527475,0.016758241758241758,0.08076923076923077,0.1021978021978022,0.4204946996466431,0.29328621908127206,029306,53033029306
293.07,116875.0,1371,1133,238,4031,2323,444,84,488,0,140,552,134,418,640200.0,238,0,11,55,0,9,16,45,72,30,0,0.8264040846097739,0.17359591539022612,0.5762838005457703,0.11014636566608782,0.12106177127263706,0.020838501612503103,0.0,0.0347308360208385,0.13693872488216324,0.6848739495798319,0.12605042016806722,029307,53033029307
293.08,116316.0,1280,706,574,3522,811,272,26,1317,88,427,581,122,459,641900.0,574,0,21,144,14,8,92,0,192,98,5,0.5515625,0.4484375,0.23026689381033505,0.07722884724588303,0.3739352640545145,0.0073821692220329355,0.02498580352072686,0.12123793299261783,0.16496308915388982,0.6655052264808362,0.17073170731707318,029308,53033029308
293.09,112588.0,2066,1174,892,5413,1874,482,97,1854,0,238,868,131,737,610500.0,892,39,13,43,23,119,161,118,213,163,0,0.5682478218780251,0.4317521781219748,0.3462035839645298,0.08904489192684278,0.3425087751708849,0.017919822649177904,0.0,0.04396822464437465,0.1603547016441899,0.734304932735426,0.1827354260089686,029309,53033029309
294.03,111989.0,2273,1470,803,5718,1657,350,0,1868,47,406,1390,362,1028,605900.0,803,21,29,75,352,33,27,0,106,84,76,0.6467223933128025,0.35327760668719754,0.2897866386848548,0.061210213361315144,0.32668765302553343,0.0,0.008219657222805177,0.07100384749912557,0.24309199020636585,0.27023661270236615,0.10460772104607721,029403,53033029403
294.05,145721.0,1829,1601,228,5564,2094,619,173,1771,37,119,751,166,585,612800.0,228,0,0,8,70,33,33,14,0,70,0,0.8753417167851285,0.12465828321487152,0.37634795111430625,0.11125089863407621,0.3182961897915169,0.03109273903666427,0.0066498921639108555,0.02138749101365924,0.13497483824586629,0.5131578947368421,0.30701754385964913,029405,53033029405
294.06,128259.0,1517,1323,194,4680,2015,556,19,1300,0,175,615,49,566,632600.0,194,27,0,12,8,27,25,0,12,68,15,0.8721160184574819,0.12788398154251812,0.4305555555555556,0.1188034188034188,0.2777777777777778,0.00405982905982906,0.0,0.03739316239316239,0.13141025641025642,0.5412371134020618,0.35051546391752575,029406,53033029406
294.07,67313.0,1632,791,841,5047,1555,985,43,1137,334,344,649,223,426,516200.0,841,0,57,22,49,130,70,162,50,275,26,0.4846813725490196,0.5153186274509803,0.3081038240538934,0.19516544481870418,0.22528234594808796,0.00851991281949673,0.06617792748167228,0.06815930255597384,0.1285912423221716,0.6623067776456599,0.3269916765755054,029407,53033029407
294.08,75703.0,1658,705,953,4633,1129,748,6,1282,0,669,799,452,347,425500.0,953,11,94,66,140,185,31,113,50,207,56,0.425211097708082,0.5747889022919179,0.24368659615799698,0.16145046406216274,0.2767105547161666,0.0012950571983595942,0.0,0.14439887761709475,0.1724584502482193,0.42077649527806926,0.21720881427072403,029408,53033029408
295.04,93786.0,2371,995,1376,6676,3286,772,0,1506,57,294,761,363,398,479300.0,1376,0,108,291,192,146,180,36,167,256,0,0.4196541543652467,0.5803458456347532,0.49221090473337326,0.11563810665068903,0.225584182144997,0.0,0.0085380467345716,0.04403834631515878,0.1139904134212103,0.4643895348837209,0.18604651162790697,029504,53033029504
295.05,66381.0,1501,486,1015,4348,1207,600,0,1104,85,777,575,77,498,614800.0,1015,0,79,40,112,118,71,45,165,375,10,0.32378414390406396,0.676215856095936,0.2775988960441582,0.13799448022079117,0.25390984360625574,0.0,0.01954921803127875,0.17870285188592455,0.13224471021159154,0.6463054187192119,0.3694581280788177,029505,53033029505
295.06,64664.0,1788,177,1611,4461,1272,982,0,1219,188,450,350,123,227,383300.0,1611,44,11,102,195,250,270,183,225,279,52,0.09899328859060402,0.9010067114093959,0.285137861466039,0.22013001569154897,0.2732571172382874,0.0,0.04214301726070388,0.10087424344317418,0.07845774490024658,0.5940409683426443,0.17318435754189945,029506,53033029506
295.07,134871.0,971,832,139,3052,1456,109,0,1143,26,118,200,53,147,685000.0,139,0,0,0,11,20,32,20,0,56,0,0.8568486096807415,0.1431513903192585,0.47706422018348627,0.03571428571428571,0.37450851900393184,0.0,0.00851900393184797,0.03866317169069463,0.0655307994757536,0.7769784172661871,0.4028776978417266,029507,53033029507
295.08,126875.0,1246,897,349,4298,2107,101,50,870,312,57,801,275,526,630600.0,349,58,0,26,55,185,0,14,0,11,0,0.7199036918138042,0.28009630818619585,0.49022801302931596,0.023499302000930665,0.20241973010702652,0.011633317822242903,0.07259190321079571,0.01326198231735691,0.1863657515123313,0.07163323782234957,0.03151862464183381,029508,53033029508
296.02,153819.0,2184,2098,86,7603,3824,526,0,1590,0,448,1215,706,509,701500.0,86,0,20,0,0,0,19,0,0,0,47,0.9606227106227107,0.039377289377289376,0.5029593581480994,0.06918321715112456,0.2091279757990267,0.0,0.0,0.05892410890437985,0.15980533999736946,0.22093023255813954,0.0,029602,53033029602
296.03,125766.0,1275,834,441,4124,1855,518,0,965,215,266,305,0,305,598600.0,441,0,17,197,51,0,41,14,26,95,0,0.6541176470588236,0.3458823529411765,0.4498060135790495,0.12560620756547042,0.23399612027158098,0.0,0.05213385063045587,0.06450048496605237,0.07395732298739088,0.39909297052154197,0.21541950113378686,029603,53033029603
296.04,85000.0,1036,665,371,3657,1686,410,72,482,342,335,330,185,145,515200.0,371,28,0,29,208,57,0,8,27,14,0,0.6418918918918919,0.3581081081081081,0.4610336341263331,0.11211375444353296,0.1318020235165436,0.019688269073010665,0.09351927809680066,0.0916051408258135,0.09023789991796555,0.1320754716981132,0.03773584905660377,029604,53033029604
297.01,73182.0,1914,897,1017,4932,1860,558,0,582,0,1132,800,379,421,529200.0,1017,22,0,98,26,176,110,135,122,279,49,0.46865203761755486,0.5313479623824452,0.3771289537712895,0.11313868613138686,0.11800486618004866,0.0,0.0,0.22952149229521493,0.16220600162206,0.6352015732546706,0.2743362831858407,029701,53033029701
297.02,87285.0,1257,897,360,3420,1153,608,50,1013,0,306,290,87,203,572100.0,360,0,24,30,107,45,23,0,23,99,9,0.7136038186157518,0.2863961813842482,0.3371345029239766,0.17777777777777778,0.29619883040935674,0.014619883040935672,0.0,0.08947368421052632,0.0847953216374269,0.4027777777777778,0.275,029702,53033029702
298.03,91691.0,1771,243,1528,4550,1652,691,0,740,422,421,624,461,163,590100.0,1528,17,138,219,304,193,127,82,186,262,0,0.13721061547148503,0.862789384528515,0.3630769230769231,0.15186813186813186,0.16263736263736264,0.0,0.09274725274725275,0.09252747252747252,0.13714285714285715,0.42997382198952877,0.17146596858638743,029803,53033029803
298.04,135018.0,1561,1208,353,4556,2021,572,4,981,29,236,713,385,328,607700.0,353,0,25,46,0,4,50,3,51,134,40,0.7738629083920564,0.22613709160794362,0.4435908691834943,0.12554872695346794,0.2153204565408253,0.000877963125548727,0.006365232660228271,0.05179982440737489,0.15649692712906058,0.6742209631728046,0.37960339943342775,029804,53033029804
298.05,105000.0,1570,1284,286,5302,2839,813,49,703,6,644,248,73,175,559400.0,286,0,0,29,61,100,0,59,0,13,24,0.8178343949044586,0.1821656050955414,0.5354583176159939,0.15333836288193134,0.13259147491512638,0.00924179554884949,0.001131648434552999,0.12146359864202187,0.046774801961523955,0.2517482517482518,0.045454545454545456,029805,53033029805
298.06,98657.0,1878,1231,647,5677,2486,414,0,1149,607,438,583,239,344,567900.0,647,0,0,26,28,251,27,128,7,171,9,0.6554845580404686,0.34451544195953143,0.43790734542892373,0.07292584111326404,0.20239563149550818,0.0,0.10692267042451999,0.07715342610533732,0.10269508543244671,0.5146831530139103,0.2642967542503864,029806,53033029806
299.01,108239.0,1711,1210,501,5520,2765,537,13,974,0,446,785,123,662,546600.0,501,108,59,23,9,17,48,0,18,161,58,0.7071887784921099,0.29281122150789013,0.5009057971014492,0.09728260869565217,0.17644927536231883,0.002355072463768116,0.0,0.08079710144927536,0.14221014492753623,0.4530938123752495,0.3213572854291417,029901,53033029901
299.02,143000.0,1828,1638,190,5469,2660,279,33,1188,182,364,763,219,544,685600.0,190,0,11,86,11,0,62,0,0,11,9,0.8960612691466083,0.10393873085339168,0.48637776558785883,0.0510148107515085,0.2172243554580362,0.006034009873834339,0.033278478698116655,0.06655695739623331,0.13951362223441213,0.38421052631578945,0.05789473684210526,029902,53033029902
300.03,108516.0,2470,1530,940,7445,3402,510,10,951,171,873,1528,485,1043,624200.0,940,16,46,24,202,26,112,17,267,187,43,0.6194331983805668,0.3805668016194332,0.45695097380792477,0.06850235057085292,0.1277367360644728,0.001343183344526528,0.022968435191403628,0.11725990597716589,0.20523841504365345,0.6202127659574468,0.19893617021276597,030003,53033030003
300.05,100000.0,1908,1397,511,6369,1642,714,53,497,165,2197,1101,446,655,428200.0,511,75,24,99,58,60,38,58,0,99,0,0.7321802935010482,0.26781970649895176,0.2578112733553148,0.11210551106924165,0.07803422829329565,0.008321557544355472,0.025906735751295335,0.34495211179149005,0.17286858219500706,0.3816046966731898,0.19373776908023482,030005,53033030005
300.06,55777.0,1759,370,1389,4830,1371,1244,21,346,537,747,564,427,137,544400.0,1389,47,61,121,85,98,133,117,252,450,25,0.21034678794769757,0.7896532120523024,0.28385093167701864,0.25755693581780537,0.07163561076604555,0.004347826086956522,0.11118012422360249,0.1546583850931677,0.11677018633540373,0.6853851691864651,0.32397408207343414,030006,53033030006
300.07,51010.0,1303,116,1187,3680,312,1323,40,679,289,347,690,164,526,613600.0,1187,13,0,23,109,120,172,80,175,419,76,0.08902532617037605,0.9109746738296239,0.08478260869565217,0.3595108695652174,0.1845108695652174,0.010869565217391304,0.07853260869565218,0.09429347826086956,0.1875,0.7127211457455771,0.35299073294018535,030007,53033030007
300.08,78189.0,1899,959,940,4463,1009,1494,0,918,36,402,604,161,443,470600.0,940,0,51,12,63,145,55,118,59,366,71,0.5050026329647183,0.49499736703528174,0.2260811113600717,0.33475240869370376,0.20569123907685413,0.0,0.008066323101053104,0.09007394129509298,0.1353349764732243,0.6361702127659574,0.3893617021276596,030008,53033030008
301.01,123298.0,1334,866,468,3881,1556,415,4,769,50,280,807,497,310,746000.0,468,11,0,52,96,93,0,27,26,163,0,0.6491754122938531,0.35082458770614694,0.40092759598041744,0.10693120329811905,0.19814480803916518,0.001030662200463798,0.012883277505797475,0.07214635403246586,0.20793609894357123,0.46153846153846156,0.3482905982905983,030101,53033030101
301.02,127173.0,1531,1420,111,3336,2369,75,0,551,0,88,253,90,163,716900.0,111,0,0,34,0,19,0,46,0,12,0,0.9274983670803396,0.07250163291966036,0.7101318944844125,0.022482014388489208,0.16516786570743405,0.0,0.0,0.026378896882494004,0.07583932853717026,0.5225225225225225,0.10810810810810811,030102,53033030102
302.01,90814.0,1982,1516,466,5838,2023,806,0,785,110,558,1556,1300,256,407400.0,466,6,25,37,20,43,49,40,0,158,88,0.7648839556004037,0.23511604439959638,0.34652278177458035,0.1380609797875985,0.1344638574854402,0.0,0.01884206920178143,0.09558067831449127,0.26652963343610825,0.5300429184549357,0.33905579399141633,030201,53033030201
302.03,61378.0,1457,405,1052,4584,1153,1553,135,593,0,788,362,93,269,453200.0,1052,0,34,16,86,266,35,105,117,393,0,0.2779684282772821,0.7220315717227179,0.25152705061082026,0.3387870855148342,0.1293630017452007,0.029450261780104712,0.0,0.1719022687609075,0.07897033158813263,0.6178707224334601,0.373574144486692,030203,53033030203
302.04,95576.0,1375,912,463,4132,1881,431,0,500,12,690,618,163,455,560500.0,463,0,13,40,54,108,67,75,85,21,0,0.6632727272727272,0.3367272727272727,0.4552274927395934,0.10430784123910938,0.12100677637947725,0.0,0.002904162633107454,0.1669893514036786,0.14956437560503388,0.5356371490280778,0.04535637149028078,030204,53033030204
303.04,92031.0,1359,841,518,4390,1499,883,140,593,155,168,952,464,488,654400.0,518,0,18,20,22,62,147,43,114,59,33,0.6188373804267844,0.3811626195732156,0.3414578587699317,0.20113895216400912,0.13507972665148063,0.03189066059225513,0.03530751708428246,0.03826879271070615,0.21685649202733484,0.7007722007722008,0.1138996138996139,030304,53033030304
303.05,126017.0,2096,1463,633,5316,2929,854,37,495,0,163,838,272,566,630700.0,633,102,55,34,81,171,19,0,113,31,27,0.6979961832061069,0.30200381679389315,0.5509781790820165,0.16064710308502633,0.09311512415349887,0.0069601203912716325,0.0,0.030662151993980435,0.15763732129420616,0.2575039494470774,0.04897314375987362,030305,53033030305
303.06,127500.0,1808,1511,297,5324,2734,672,207,948,12,265,486,225,261,605500.0,297,10,14,151,16,8,49,0,6,23,20,0.8357300884955752,0.16426991150442477,0.5135236664162284,0.12622088655146507,0.17806160781367392,0.03888054094665665,0.002253944402704733,0.049774605559729526,0.0912847483095417,0.26262626262626265,0.07744107744107744,030306,53033030306
303.08,82074.0,2055,949,1106,5619,2035,1432,18,1034,319,196,585,95,490,609300.0,1106,0,9,41,145,87,204,186,50,384,0,0.4618004866180049,0.5381995133819951,0.36216408613632317,0.25484961736963874,0.18401850863142907,0.003203416978109984,0.056771667556504715,0.03488165153941983,0.10411105178857448,0.7450271247739603,0.3471971066907776,030308,53033030308
303.09,81733.0,2455,853,1602,5867,2902,1389,28,751,117,304,376,105,271,559000.0,1602,0,26,87,164,434,287,216,63,310,15,0.3474541751527495,0.6525458248472505,0.4946309868757457,0.23674791205045168,0.1280040906766661,0.00477245611044827,0.01994204874723027,0.05181523777058122,0.06408726776887677,0.5468164794007491,0.19350811485642946,030309,53033030309
303.10,107500.0,2248,1319,929,6723,2377,472,63,1700,737,604,770,103,667,622000.0,929,33,25,192,139,54,145,0,85,204,52,0.5867437722419929,0.41325622775800713,0.3535623977391046,0.07020675293767663,0.2528633050721404,0.009370816599732263,0.1096236799048044,0.08984084486092518,0.11453220288561654,0.4671689989235737,0.21959095801937567,030310,53033030310
303.11,109909.0,1595,1148,447,5544,1959,578,9,683,170,1544,601,400,201,523800.0,447,11,42,56,10,72,94,52,13,73,24,0.7197492163009405,0.28025078369905954,0.35335497835497837,0.10425685425685426,0.12319624819624819,0.0016233766233766235,0.030663780663780664,0.2784992784992785,0.10840548340548341,0.5190156599552572,0.16331096196868009,030311,53033030311
303.12,87972.0,1932,1105,827,5164,2463,722,82,634,140,235,888,477,411,588000.0,827,0,88,28,55,55,228,36,120,217,0,0.5719461697722568,0.4280538302277433,0.47695584817970565,0.13981409759876065,0.12277304415182029,0.015879163439194422,0.027110766847405113,0.045507358636715727,0.17195972114639815,0.7267230955259976,0.2623941958887545,030312,53033030312
303.13,61364.0,1918,807,1111,5029,1441,969,0,752,0,850,1017,221,796,200700.0,1111,0,15,27,145,100,161,29,278,356,0,0.42075078206465066,0.5792492179353493,0.2865380791409823,0.1926824418373434,0.14953271028037382,0.0,0.0,0.16901968582223106,0.2022270829190694,0.7416741674167416,0.32043204320432045,030313,53033030313
303.14,68790.0,2345,1152,1193,4563,1629,953,7,1069,5,528,372,199,173,323600.0,1193,12,86,71,178,62,149,101,224,282,28,0.4912579957356077,0.5087420042643923,0.35700197238658776,0.20885382423843962,0.23427569581415736,0.0015340784571553803,0.0010957703265395574,0.11571334648257725,0.08152531229454306,0.633696563285834,0.2363788767812238,030314,53033030314
304.03,101620.0,1740,1364,376,5039,3134,618,19,514,0,66,688,447,241,497100.0,376,8,14,0,49,37,0,98,19,140,11,0.7839080459770115,0.2160919540229885,0.6219487993649534,0.12264338162333796,0.10200436594562413,0.003770589402659258,0.0,0.013097836872395317,0.13653502679102997,0.6835106382978723,0.3723404255319149,030403,53033030403
304.04,122188.0,1508,1225,283,4781,2669,105,11,677,49,314,956,452,504,613700.0,283,10,28,10,13,0,16,108,0,39,59,0.8123342175066313,0.1876657824933687,0.5582514118385276,0.021961932650073207,0.14160217527713867,0.002300773896674336,0.010248901903367497,0.06567663668688559,0.1999581677473332,0.5759717314487632,0.13780918727915195,030404,53033030404
304.05,108750.0,1204,1033,171,3884,2751,0,12,664,0,116,341,161,180,644500.0,171,10,33,9,0,0,82,0,0,29,8,0.8579734219269103,0.1420265780730897,0.7082904222451082,0.0,0.1709577754891864,0.003089598352214212,0.0,0.029866117404737384,0.08779608650875387,0.6491228070175439,0.1695906432748538,030405,53033030405
304.06,125595.0,1008,505,503,3095,1506,274,0,391,24,7,893,377,516,585000.0,503,53,0,84,68,10,51,29,67,128,13,0.5009920634920635,0.4990079365079365,0.48659127625201937,0.08852988691437803,0.12633279483037158,0.0,0.0077544426494345715,0.002261712439418417,0.28852988691437803,0.5467196819085487,0.2544731610337972,030406,53033030406
304.07,100727.0,828,392,436,2599,1070,358,20,714,13,175,249,0,249,624300.0,436,4,32,51,30,66,89,55,0,94,15,0.47342995169082125,0.5265700483091788,0.4116968064640246,0.13774528664871105,0.2747210465563678,0.007695267410542516,0.005001923816852636,0.06733358984224702,0.09580607926125433,0.5458715596330275,0.21559633027522937,030407,53033030407
305.01,33423.0,1736,94,1642,2999,1838,222,64,153,24,482,216,24,192,,1642,30,23,60,109,223,152,212,188,645,0,0.05414746543778802,0.945852534562212,0.6128709569856619,0.07402467489163055,0.05101700566855619,0.0213404468156052,0.008002667555851951,0.16072024008002667,0.07202400800266756,0.7289890377588307,0.3928136419001218,030501,53033030501
305.03,95278.0,2578,1283,1295,6776,2928,1184,14,1266,6,574,804,80,724,452900.0,1295,78,32,229,212,37,69,150,149,330,9,0.49767261442979055,0.5023273855702095,0.43211334120425027,0.17473435655253838,0.18683589138134593,0.002066115702479339,0.0008854781582054309,0.08471074380165289,0.11865407319952774,0.538996138996139,0.2548262548262548,030503,53033030503
305.04,82227.0,2074,989,1085,5636,3285,792,78,141,16,770,554,217,337,388000.0,1085,20,61,181,65,156,238,58,37,172,97,0.4768563162970106,0.5231436837029894,0.5828601845280341,0.14052519517388218,0.02501774308019872,0.013839602555003548,0.0028388928317956,0.13662171753016322,0.09829666430092264,0.46543778801843316,0.1585253456221198,030504,53033030504
306,90972.0,2001,1185,816,4900,3203,265,46,29,175,553,629,391,238,498100.0,816,0,89,262,31,50,46,18,102,218,0,0.5922038980509745,0.4077961019490255,0.6536734693877551,0.05408163265306123,0.005918367346938775,0.009387755102040816,0.03571428571428571,0.11285714285714285,0.12836734693877552,0.47058823529411764,0.26715686274509803,030600,53033030600
307,73333.0,1692,878,814,4216,1697,323,57,319,385,476,959,437,522,416200.0,814,0,132,56,6,50,40,117,63,350,0,0.5189125295508275,0.48108747044917255,0.40251423149905124,0.07661290322580645,0.0756641366223909,0.013519924098671726,0.09131878557874763,0.11290322580645161,0.22746679316888047,0.7002457002457002,0.42997542997543,030700,53033030700
308.01,72993.0,2229,1230,999,7310,2663,391,96,156,461,2161,1382,1257,125,83200.0,999,18,54,148,180,160,152,53,76,158,0,0.5518169582772544,0.44818304172274565,0.3642954856361149,0.053488372093023255,0.0213406292749658,0.013132694938440492,0.06306429548563612,0.2956224350205198,0.1890560875512996,0.4394394394394394,0.15815815815815815,030801,53033030801
308.02,81688.0,1518,657,861,4454,2022,308,12,355,744,315,698,573,125,472700.0,861,14,41,19,140,27,88,121,42,256,113,0.43280632411067194,0.567193675889328,0.4539739559946116,0.0691513246519982,0.07970363718006286,0.002694207453973956,0.16704086214638528,0.07072294566681635,0.15671306690615178,0.5888501742160279,0.29732868757259,030802,53033030802
309.01,85000.0,1206,975,231,4143,1891,639,36,549,0,357,671,326,345,452500.0,231,0,5,0,13,46,64,5,0,98,0,0.8084577114427861,0.19154228855721392,0.45643253680907553,0.15423606082548877,0.1325126719768284,0.008689355539464157,0.0,0.08616944243301955,0.16195993241612358,0.7229437229437229,0.42424242424242425,030901,53033030901
309.02,115688.0,1968,1089,879,5918,3076,121,20,744,239,781,937,570,367,486200.0,879,0,147,60,111,101,0,73,184,203,0,0.5533536585365854,0.44664634146341464,0.5197701926326461,0.020446096654275093,0.12571814802298073,0.0033795201081446434,0.04038526529232849,0.13197026022304834,0.15833051706657655,0.5233219567690558,0.23094425483503983,030902,53033030902
310,137157.0,1767,1588,179,4872,2733,328,57,948,10,166,630,419,211,620100.0,179,0,0,13,4,10,24,0,13,82,33,0.8986983588002264,0.10130164119977363,0.5609605911330049,0.06732348111658457,0.19458128078817735,0.011699507389162561,0.002052545155993432,0.03407224958949097,0.12931034482758622,0.664804469273743,0.4581005586592179,031000,53033031000
311.01,81142.0,1407,504,903,4112,1870,211,270,308,306,482,665,219,446,465500.0,903,60,43,27,289,41,116,13,65,219,30,0.3582089552238806,0.6417910447761194,0.45476653696498054,0.051313229571984434,0.07490272373540856,0.06566147859922179,0.07441634241245136,0.11721789883268482,0.1617217898832685,0.4573643410852713,0.2425249169435216,031101,53033031101
311.02,83368.0,1187,865,322,3092,1684,160,207,132,87,292,530,341,189,366900.0,322,0,67,26,35,11,34,22,37,85,5,0.7287278854254423,0.2712721145745577,0.5446313065976714,0.0517464424320828,0.042690815006468305,0.06694695989650712,0.02813712807244502,0.0944372574385511,0.17141009055627426,0.5527950310559007,0.2639751552795031,031102,53033031102
312.02,110986.0,1932,1573,359,6064,3812,0,1253,22,4,265,708,429,279,705400.0,359,46,34,38,105,40,2,22,2,19,51,0.8141821946169773,0.18581780538302278,0.6286279683377308,0.0,0.0036279683377308707,0.20662928759894458,0.0006596306068601583,0.04370052770448549,0.11675461741424802,0.12534818941504178,0.052924791086350974,031202,53033031202
312.04,141250.0,2222,2059,163,6109,5036,0,123,143,18,182,607,390,217,784300.0,163,0,31,15,57,0,0,0,0,60,0,0.9266426642664266,0.07335733573357335,0.8243575053200196,0.0,0.02340808642985759,0.020134228187919462,0.0029464724177443117,0.02979211000163693,0.09936159764282207,0.36809815950920244,0.36809815950920244,031204,53033031204
312.06,101555.0,1605,840,765,5514,3022,68,27,390,209,471,1327,1092,235,561000.0,765,0,18,79,136,65,128,24,39,250,26,0.5233644859813084,0.4766355140186916,0.5480594849474066,0.012332245194051506,0.07072905331882481,0.004896626768226333,0.03790351831701124,0.0854189336235038,0.2406601378309757,0.5764705882352941,0.32679738562091504,031206,53033031206
312.07,104500.0,1230,763,467,4650,2062,467,186,1377,0,0,558,41,517,681900.0,467,45,13,12,11,23,25,0,55,283,0,0.6203252032520326,0.3796747967479675,0.44344086021505374,0.10043010752688172,0.29612903225806453,0.04,0.0,0.0,0.12,0.7773019271948608,0.6059957173447538,031207,53033031207
312.08,109732.0,1379,1032,347,4365,2719,13,63,746,4,407,413,156,257,582900.0,347,14,0,48,112,21,58,0,0,61,33,0.7483683828861494,0.2516316171138506,0.6229095074455899,0.0029782359679266894,0.1709049255441008,0.01443298969072165,0.0009163802978235968,0.09324169530355098,0.09461626575028637,0.34293948126801155,0.17579250720461095,031208,53033031208
313.01,120658.0,902,790,112,2041,1635,3,22,91,122,19,149,70,79,669500.0,112,22,8,0,8,0,0,0,11,44,19,0.8758314855875832,0.12416851441241686,0.801077902988731,0.0014698677119059284,0.044585987261146494,0.010779029887310143,0.05977462028417443,0.009309162175404213,0.07300342969132778,0.49107142857142855,0.39285714285714285,031301,53033031301
313.02,123699.0,1767,1452,315,4529,3634,60,9,53,14,223,536,236,300,537600.0,315,14,12,35,22,70,29,0,19,114,0,0.8217317487266553,0.17826825127334464,0.8023846323691765,0.01324795760653566,0.011702362552439833,0.001987193640980349,0.0030911901081916537,0.0492382424376242,0.1183484212850519,0.5142857142857142,0.3619047619047619,031302,53033031302
314,122436.0,2408,1691,717,5990,5078,1,51,180,54,127,499,110,389,544700.0,717,48,28,68,167,68,67,83,26,162,0,0.7022425249169435,0.2977574750830565,0.847746243739566,0.0001669449081803005,0.03005008347245409,0.008514190317195325,0.009015025041736227,0.021202003338898164,0.08330550918196995,0.4714086471408647,0.22594142259414227,031400,53033031400
315.01,144773.0,1432,1265,167,4066,3561,0,51,70,0,19,365,253,112,752700.0,167,57,22,23,28,0,10,0,0,0,27,0.8833798882681564,0.11662011173184357,0.8757993113625184,0.0,0.01721593703885883,0.012543039842597147,0.0,0.004672897196261682,0.08976881455976389,0.059880239520958084,0.0,031501,53033031501
315.02,113345.0,2035,1699,336,5386,4595,0,0,25,0,45,721,225,496,639600.0,336,0,119,34,23,21,0,51,26,62,0,0.8348894348894349,0.1651105651105651,0.8531377645748236,0.0,0.004641663572224285,0.0,0.0,0.008354994430003714,0.13386557742294838,0.41369047619047616,0.18452380952380953,031502,53033031502
316.01,130739.0,2080,1861,219,5961,4065,0,40,1111,34,233,478,132,346,751000.0,219,0,121,7,17,16,0,27,0,0,31,0.8947115384615385,0.10528846153846154,0.6819325616507298,0.0,0.1863781244757591,0.006710283509478276,0.005703740983056534,0.03908740144271095,0.0801878879382654,0.1232876712328767,0.0,031601,53033031601
316.03,144573.0,2835,2358,477,7941,4712,174,11,1827,0,171,1046,268,778,803900.0,477,98,17,0,81,130,34,60,27,26,4,0.8317460317460318,0.16825396825396827,0.5933761490996097,0.0219115980355119,0.23007177937287496,0.0013852159677622466,0.0,0.021533811862485833,0.13172144566175545,0.3081761006289308,0.05450733752620545,031603,53033031603
316.04,144879.0,1873,1767,106,5824,4071,0,18,951,0,57,727,169,558,713900.0,106,0,2,12,15,8,22,13,0,21,13,0.9434063000533903,0.05659369994660972,0.6990041208791209,0.0,0.16328983516483517,0.0030906593406593405,0.0,0.009787087912087912,0.1248282967032967,0.5283018867924528,0.19811320754716982,031604,53033031604
316.05,146750.0,1487,1293,194,3973,3019,0,0,402,0,412,140,74,66,888800.0,194,10,0,82,0,45,0,37,12,0,8,0.8695359784801614,0.1304640215198386,0.7598791844953435,0.0,0.10118298514976089,0.0,0.0,0.1036999748301032,0.03523785552479235,0.25257731958762886,0.0,031605,53033031605
317.04,117674.0,1914,1258,656,6585,3341,687,22,1379,63,613,480,203,277,577400.0,656,0,67,100,26,0,49,49,156,201,8,0.6572622779519331,0.34273772204806685,0.5073652239939256,0.10432801822323462,0.209415337889142,0.003340926347760061,0.009567198177676537,0.09309035687167806,0.07289293849658314,0.6935975609756098,0.30640243902439024,031704,53033031704
317.05,161250.0,1482,1332,150,4349,2696,451,156,506,0,143,397,32,365,673200.0,150,0,0,48,0,12,0,10,0,35,45,0.8987854251012146,0.10121457489878542,0.6199126235916302,0.10370200045987583,0.1163485858818119,0.03587031501494597,0.0,0.0328811220970338,0.09128535295470223,0.3,0.23333333333333334,031705,53033031705
317.07,120179.0,1138,1100,38,3211,1355,533,16,1174,0,19,114,47,67,821100.0,38,0,19,9,0,0,0,0,0,0,10,0.9666080843585237,0.033391915641476276,0.42198691996262844,0.1659919028340081,0.36561818748053565,0.004982871379632514,0.0,0.005917159763313609,0.03550295857988166,0.0,0.0,031707,53033031707
317.08,91688.0,1605,1373,232,4053,2996,106,11,482,0,206,252,219,33,518100.0,232,0,0,60,11,0,0,0,22,139,0,0.8554517133956386,0.14454828660436136,0.7392055267702936,0.02615346656797434,0.11892425363927954,0.002714038983469035,0.0,0.05082654823587466,0.06217616580310881,0.6939655172413793,0.5991379310344828,031708,53033031708
317.09,142684.0,1179,1037,142,3587,2341,177,5,526,0,55,483,241,242,694400.0,142,2,13,0,16,55,0,0,36,20,0,0.8795589482612384,0.12044105173876166,0.6526345135210482,0.049344856425982714,0.14664064678003902,0.0013939224979091162,0.0,0.01533314747700028,0.13465291329802062,0.39436619718309857,0.14084507042253522,031709,53033031709
317.10,119549.0,1595,934,661,4733,2827,363,51,493,26,136,837,471,366,643100.0,661,0,12,97,48,13,76,44,75,262,34,0.5855799373040752,0.41442006269592474,0.5972955841960701,0.0766955419395732,0.10416226494823579,0.010775406718783014,0.005493344601732516,0.0287344179167547,0.17684343967885063,0.6913767019667171,0.39636913767019666,031710,53033031710
318,139583.0,1699,1555,144,5190,3178,192,0,982,76,129,633,256,377,728500.0,144,22,36,0,28,0,0,12,13,25,8,0.9152442613301942,0.08475573866980576,0.6123314065510598,0.03699421965317919,0.18921001926782274,0.0,0.01464354527938343,0.02485549132947977,0.12196531791907514,0.3472222222222222,0.1736111111111111,031800,53033031800
319.04,134858.0,1248,1140,108,3524,2866,0,0,215,26,23,394,87,307,954200.0,108,0,0,32,19,11,0,9,0,37,0,0.9134615384615384,0.08653846153846154,0.8132803632236095,0.0,0.06101021566401816,0.0,0.0073779795686719635,0.0065266742338251985,0.11180476730987514,0.42592592592592593,0.3425925925925926,031904,53033031904
319.06,138375.0,1299,1180,119,4163,2795,139,21,593,0,180,435,191,244,865700.0,119,0,0,28,0,0,10,0,25,0,56,0.9083910700538876,0.09160892994611239,0.671390823925054,0.03338938265673793,0.14244535190968052,0.005044439106413644,0.0,0.04323804948354552,0.10449195291856835,0.29411764705882354,0.0,031906,53033031906
319.08,77596.0,1749,935,814,4099,2083,543,28,683,0,209,553,143,410,633800.0,814,27,49,176,75,80,75,87,45,200,0,0.5345911949685535,0.46540880503144655,0.5081727250548914,0.13247133447182238,0.1666260063430105,0.006830934374237619,0.0,0.05098804586484509,0.13491095389119298,0.5,0.2457002457002457,031908,53033031908
319.09,103906.0,1159,777,382,2691,1231,194,0,533,0,155,578,280,298,789700.0,382,15,0,17,0,37,11,67,5,53,177,0.6704055220017257,0.32959447799827435,0.4574507617985879,0.07209215904868078,0.19806763285024154,0.0,0.0,0.057599405425492384,0.2147900408769974,0.35602094240837695,0.1387434554973822,031909,53033031909
319.10,124250.0,1571,1393,178,3875,1852,172,0,1154,0,44,653,126,527,679700.0,178,0,24,0,16,31,0,11,42,11,43,0.8866963717377466,0.11330362826225335,0.47793548387096774,0.04438709677419355,0.2978064516129032,0.0,0.0,0.01135483870967742,0.16851612903225807,0.3595505617977528,0.06179775280898876,031910,53033031910
319.11,157851.0,1222,1171,51,3470,1897,72,47,1100,0,19,335,58,277,807000.0,51,0,0,9,26,0,0,0,0,16,0,0.9582651391162029,0.041734860883797055,0.5466858789625361,0.0207492795389049,0.3170028818443804,0.013544668587896254,0.0,0.00547550432276657,0.09654178674351585,0.3137254901960784,0.3137254901960784,031911,53033031911
319.12,104523.0,1338,1167,171,4113,2731,83,40,497,0,183,579,251,328,689400.0,171,0,0,20,12,7,38,0,0,87,7,0.8721973094170403,0.12780269058295965,0.6639922197909068,0.020179917335278387,0.12083637247751033,0.009725261366399222,0.0,0.04449307075127644,0.14077315827862874,0.7309941520467836,0.5087719298245614,031912,53033031912
319.13,172656.0,1200,1061,139,3969,2341,57,35,589,0,62,885,112,773,864900.0,139,14,8,27,48,0,0,0,9,33,0,0.8841666666666667,0.11583333333333333,0.5898211136306375,0.01436130007558579,0.14840010078105317,0.008818342151675485,0.0,0.01562106324011086,0.22297808012093726,0.302158273381295,0.23741007194244604,031913,53033031913
320.02,139111.0,1007,886,121,2821,2446,0,0,99,22,49,205,108,97,930400.0,121,3,0,19,21,0,0,3,45,30,0,0.8798411122144985,0.12015888778550149,0.8670684154555123,0.0,0.03509393831974477,0.0,0.0077986529599432825,0.017369727047146403,0.07266926621765331,0.6446280991735537,0.24793388429752067,032002,53033032002
320.03,159125.0,2003,1898,105,5326,3922,47,19,363,0,54,921,425,496,964500.0,105,0,13,27,31,0,0,0,0,0,34,0.9475786320519222,0.052421367948077884,0.7363875328576793,0.008824633871573414,0.0681562147953436,0.0035674051821254224,0.0,0.010138941043935411,0.17292527224934284,0.0,0.0,032003,53033032003
320.05,132484.0,2571,2157,414,7278,4692,506,2,665,0,344,1069,441,628,561800.0,414,0,0,171,41,81,0,0,0,110,11,0.838973162193699,0.16102683780630106,0.6446826051112943,0.06952459466886507,0.09137125583951634,0.0002748007694421544,0.0,0.047265732344050564,0.14688101126683153,0.26570048309178745,0.26570048309178745,032005,53033032005
320.06,125694.0,1900,1558,342,5300,3966,168,26,230,39,296,575,164,411,693900.0,342,0,14,15,65,93,45,0,28,82,0,0.82,0.18,0.7483018867924528,0.03169811320754717,0.04339622641509434,0.004905660377358491,0.007358490566037735,0.05584905660377359,0.10849056603773585,0.45321637426900585,0.23976608187134502,032006,53033032006
320.07,183929.0,1290,1041,249,4163,3181,15,38,385,0,46,498,56,442,829100.0,249,0,0,14,51,21,0,0,26,121,16,0.8069767441860465,0.1930232558139535,0.7641124189286572,0.00360317079029546,0.09248138361758347,0.009128032668748499,0.0,0.011049723756906077,0.11962527023780928,0.5903614457831325,0.4859437751004016,032007,53033032007
320.08,142153.0,1542,1382,160,4873,3784,31,34,331,70,132,491,164,327,647500.0,160,0,11,17,0,40,42,0,13,37,0,0.8962386511024644,0.10376134889753567,0.7765237020316027,0.0063615842396880775,0.06792530268828237,0.00697722142417402,0.014364867638005336,0.02708803611738149,0.100759285860866,0.575,0.23125,032008,53033032008
320.10,157902.0,2335,1766,569,6626,4306,97,0,1159,11,50,1003,301,702,726800.0,569,0,20,36,142,14,22,45,18,272,0,0.7563169164882227,0.2436830835117773,0.6498641714458195,0.014639299728342891,0.17491699366133415,0.0,0.0016601267733172352,0.007546030787805615,0.15137337760338063,0.6274165202108963,0.4780316344463972,032010,53033032010
320.11,174792.0,1564,1304,260,4717,3306,86,0,734,0,75,516,210,306,766900.0,260,0,17,48,80,51,12,0,0,52,0,0.8337595907928389,0.16624040920716113,0.7008691965232139,0.01823192707229171,0.15560737757048973,0.0,0.0,0.0158999364002544,0.10939156243375027,0.24615384615384617,0.2,032011,53033032011
321.02,165341.0,1923,1823,100,4973,4171,65,12,197,0,97,431,251,180,957900.0,100,0,9,0,0,45,0,0,10,27,9,0.9479979199167967,0.052002080083203325,0.8387291373416449,0.013070581138145989,0.039613915141765536,0.0024130303639654134,0.0,0.01950532877538709,0.08666800723909109,0.37,0.27,032102,53033032102
321.03,121685.0,2797,1174,1623,5934,3721,214,11,946,0,242,800,153,647,917100.0,1623,52,154,163,227,207,186,84,184,337,29,0.4197354308187344,0.5802645691812657,0.6270643747893495,0.03606336366700371,0.15942028985507245,0.0018537243006403776,0.0,0.04078193461408831,0.13481631277384565,0.48736906962415283,0.20764017252002465,032103,53033032103
321.04,140219.0,2425,1614,811,6253,4505,35,66,647,0,400,600,202,398,1010000.0,811,46,67,137,174,140,97,0,38,101,11,0.6655670103092783,0.33443298969072166,0.7204541819926435,0.005597313289620982,0.103470334239565,0.010554933631856708,0.0,0.06396929473852551,0.09595394210778826,0.2909987669543773,0.12453760789149199,032104,53033032104
322.07,220430.0,1273,1156,117,3723,2006,89,0,1064,14,154,396,102,294,1615600.0,117,0,0,32,0,7,30,9,10,29,0,0.9080911233307148,0.09190887666928516,0.5388127853881278,0.023905452591995703,0.28579102874026324,0.0,0.0037604082728982004,0.04136449100188021,0.1063658340048348,0.6666666666666666,0.24786324786324787,032207,53033032207
322.11,191667.0,1694,1267,427,5227,2268,148,10,2195,21,87,498,201,297,1196200.0,427,6,52,112,90,49,41,10,10,57,0,0.7479338842975206,0.25206611570247933,0.43390089917734836,0.028314520757604746,0.4199349531279893,0.001913143294432753,0.004017600918308781,0.01664434666156495,0.0952745360627511,0.27634660421545665,0.13348946135831383,032211,53033032211
322.13,,1581,1494,87,4775,3102,80,118,953,2,61,459,232,227,1538900.0,87,9,0,19,6,9,10,0,0,23,11,0.9449715370018975,0.05502846299810247,0.6496335078534031,0.016753926701570682,0.19958115183246072,0.024712041884816755,0.000418848167539267,0.012774869109947644,0.09612565445026178,0.3793103448275862,0.26436781609195403,032213,53033032213
322.15,,1852,1648,204,5922,2987,14,0,2419,0,43,459,123,336,1680400.0,204,16,26,20,17,12,9,12,10,76,6,0.8898488120950324,0.1101511879049676,0.5043904086457278,0.002364066193853428,0.40847686592367444,0.0,0.0,0.007261060452549814,0.07750759878419453,0.5245098039215687,0.37254901960784315,032215,53033032215
322.16,249456.0,1737,1352,385,5255,2245,3,0,2656,0,9,342,106,236,1160700.0,385,0,55,32,30,20,35,19,66,114,14,0.7783534830166955,0.22164651698330454,0.42721217887725976,0.000570884871550904,0.5054234062797336,0.0,0.0,0.0017126546146527116,0.06508087535680304,0.6077922077922078,0.2961038961038961,032216,53033032216
322.17,248125.0,1417,1194,223,4032,2340,115,11,1042,13,61,450,202,248,1567900.0,223,0,16,26,109,65,0,0,0,7,0,0.8426252646436133,0.15737473535638674,0.5803571428571429,0.028521825396825396,0.2584325396825397,0.002728174603174603,0.003224206349206349,0.015128968253968254,0.11160714285714286,0.03139013452914798,0.03139013452914798,032217,53033032217
322.18,170956.0,2405,2095,310,6050,3400,207,0,1930,17,67,429,212,217,1004100.0,310,0,80,0,0,94,19,0,17,69,31,0.8711018711018711,0.1288981288981289,0.5619834710743802,0.03421487603305785,0.31900826446280994,0.0,0.0028099173553719006,0.011074380165289256,0.07090909090909091,0.3387096774193548,0.22258064516129034,032218,53033032218
322.19,186101.0,1872,861,1011,4240,2610,22,0,1181,0,8,419,144,275,1363800.0,1011,57,33,296,203,91,25,53,35,205,13,0.4599358974358974,0.5400641025641025,0.6155660377358491,0.005188679245283019,0.2785377358490566,0.0,0.0,0.0018867924528301887,0.09882075471698114,0.314540059347181,0.20276953511374876,032219,53033032219
322.20,169917.0,3731,1775,1956,8777,4013,369,61,3306,0,134,894,109,785,875000.0,1956,197,210,388,303,229,71,25,69,414,50,0.47574376842669525,0.5242562315733047,0.4572177281531275,0.04204169989745927,0.3766662868861798,0.006949982909878091,0.0,0.015267175572519083,0.10185712658083627,0.2960122699386503,0.2116564417177914,032220,53033032220
322.21,,2161,1850,311,6173,3292,0,1,1934,0,121,825,509,316,1534800.0,311,17,0,31,18,110,8,72,0,55,0,0.8560851457658492,0.14391485423415085,0.5332901344565041,0.0,0.3132998542037907,0.00016199578810950914,0.0,0.01960149036125061,0.13364652519034506,0.4340836012861736,0.17684887459807075,032221,53033032221
322.22,144265.0,1710,860,850,4250,2173,212,0,1162,0,0,703,64,639,1125000.0,850,16,44,75,88,58,122,51,112,284,0,0.5029239766081871,0.49707602339181284,0.5112941176470588,0.04988235294117647,0.27341176470588235,0.0,0.0,0.0,0.16541176470588234,0.6694117647058824,0.3341176470588235,032222,53033032222
322.23,222847.0,1379,1209,170,4353,2327,0,0,1588,0,0,438,283,155,1226600.0,170,21,23,38,16,37,0,0,16,12,7,0.8767222625090645,0.12327773749093546,0.534573857110039,0.0,0.3648058810016081,0.0,0.0,0.0,0.10062026188835287,0.16470588235294117,0.07058823529411765,032223,53033032223
322.24,,833,687,146,2804,922,7,0,1661,0,0,214,100,114,1506400.0,146,11,38,14,18,40,12,0,6,7,0,0.8247298919567827,0.1752701080432173,0.3288159771754636,0.0024964336661911554,0.5923680456490727,0.0,0.0,0.0,0.07631954350927246,0.17123287671232876,0.04794520547945205,032224,53033032224
322.25,184625.0,1313,1014,299,3824,1609,10,0,1925,0,22,258,21,237,1329500.0,299,0,9,36,40,10,60,47,10,87,0,0.7722772277227723,0.22772277227722773,0.42076359832635984,0.002615062761506276,0.5033995815899581,0.0,0.0,0.005753138075313808,0.06746861924686193,0.6822742474916388,0.2909698996655518,032225,53033032225
323.07,159181.0,2295,2059,236,6396,5443,0,0,331,56,214,352,208,144,1017700.0,236,11,9,0,39,12,0,0,0,165,0,0.8971677559912854,0.1028322440087146,0.8510006253908693,0.0,0.05175109443402126,0.0,0.008755472170106316,0.033458411507192,0.05503439649781113,0.6991525423728814,0.6991525423728814,032307,53033032307
323.11,218382.0,2014,1771,243,5925,4559,0,10,250,0,188,918,406,512,1279100.0,243,0,77,0,22,0,79,10,33,22,0,0.8793445878848064,0.12065541211519365,0.769451476793249,0.0,0.04219409282700422,0.0016877637130801688,0.0,0.03172995780590717,0.1549367088607595,0.5925925925925926,0.09053497942386832,032311,53033032311
323.13,145048.0,2996,742,2254,7404,2290,99,1,3969,0,497,548,71,477,1003100.0,2254,24,448,450,324,134,167,77,101,496,33,0.24766355140186916,0.7523364485981309,0.3092922744462453,0.013371150729335495,0.5360615883306321,0.0001350621285791464,0.0,0.06712587790383577,0.07401404646137223,0.373114463176575,0.22005323868677906,032313,53033032313
323.15,235139.0,2015,1916,99,5558,4375,0,11,559,0,154,459,129,330,1233300.0,99,0,0,0,17,0,8,0,0,57,17,0.9508684863523573,0.04913151364764268,0.7871536523929471,0.0,0.10057574667146456,0.00197912918315941,0.0,0.027707808564231738,0.0825836631881972,0.6565656565656566,0.5757575757575758,032315,53033032315
323.16,,1901,1761,140,5546,2841,0,0,2117,0,70,518,167,351,1540100.0,140,7,11,21,21,55,20,0,0,5,0,0.9263545502367175,0.07364544976328248,0.5122610890732059,0.0,0.3817165524702488,0.0,0.0,0.012621709340064912,0.09340064911648034,0.17857142857142858,0.03571428571428571,032316,53033032316
323.17,236031.0,2277,1861,416,6859,4696,0,39,1752,0,0,372,100,272,1195200.0,416,16,88,19,80,97,0,0,22,94,0,0.8173034694773825,0.18269653052261747,0.6846479078582883,0.0,0.2554308208193614,0.005685960052485785,0.0,0.0,0.05423531126986441,0.27884615384615385,0.22596153846153846,032317,53033032317
323.18,,2158,1916,242,6767,3047,0,55,2882,0,10,773,498,275,1348000.0,242,12,39,75,25,15,0,0,38,35,3,0.8878591288229842,0.11214087117701575,0.45027338554750995,0.0,0.42589035022905275,0.008127678439485739,0.0,0.0014777597162701345,0.1142308260676814,0.30165289256198347,0.1446280991735537,032318,53033032318
323.19,120357.0,3200,1136,2064,7011,4891,112,0,953,0,506,549,407,142,1056000.0,2064,159,200,85,253,106,223,173,392,473,0,0.355,0.645,0.6976180288118671,0.015974896591071173,0.1359292540293824,0.0,0.0,0.07217230067037513,0.07830551989730423,0.6109496124031008,0.22916666666666666,032319,53033032319
323.20,,1533,1419,114,4474,3311,1,12,607,0,62,481,119,362,1444800.0,114,0,18,59,7,5,0,0,0,0,25,0.9256360078277887,0.07436399217221135,0.7400536432722397,0.00022351363433169424,0.1356727760393384,0.002682163611980331,0.0,0.013857845328565042,0.10751005811354493,0.0,0.0,032320,53033032320
323.21,,2259,2078,181,6925,3546,17,0,2977,0,55,330,110,220,1793300.0,181,0,75,0,14,45,0,0,0,47,0,0.9198760513501549,0.08012394864984507,0.512057761732852,0.002454873646209386,0.42989169675090255,0.0,0.0,0.007942238267148015,0.047653429602888084,0.2596685082872928,0.2596685082872928,032321,53033032321
323.22,240000.0,1034,996,38,2980,1843,45,0,691,36,0,365,150,215,1241000.0,38,0,0,0,0,13,0,0,0,5,20,0.9632495164410058,0.0367504835589942,0.6184563758389262,0.015100671140939598,0.23187919463087248,0.0,0.012080536912751677,0.0,0.12248322147651007,0.13157894736842105,0.13157894736842105,032322,53033032322
323.23,210804.0,2619,1812,807,6959,3509,146,13,2323,0,314,654,256,398,1238100.0,807,17,59,59,119,63,50,117,113,176,34,0.6918671248568156,0.30813287514318444,0.504239114815347,0.020980025865785314,0.3338123293576663,0.0018680844948986924,0.0,0.04512142549216842,0.09397901997413421,0.5650557620817844,0.218091697645601,032323,53033032323
323.24,194260.0,2485,1431,1054,6425,3379,180,0,2109,0,91,666,125,541,1103700.0,1054,87,138,231,282,38,70,0,64,121,23,0.5758551307847083,0.42414486921529176,0.5259143968871596,0.02801556420233463,0.3282490272373541,0.0,0.0,0.014163424124513619,0.10365758754863813,0.24193548387096775,0.11480075901328274,032324,53033032324
323.25,121544.0,2701,1246,1455,6459,3131,216,0,2254,0,31,827,591,236,1055400.0,1455,33,76,120,399,116,129,113,39,338,92,0.46131062569418735,0.5386893743058127,0.484749961294318,0.03344170924291686,0.3489704288589565,0.0,0.0,0.004799504567270475,0.12803839603653816,0.4254295532646048,0.2323024054982818,032325,53033032325
323.26,228083.0,1257,1103,154,4080,2763,0,291,606,28,49,343,130,213,1649400.0,154,0,36,0,34,0,0,0,38,46,0,0.8774860779634049,0.12251392203659507,0.6772058823529412,0.0,0.14852941176470588,0.0713235294117647,0.006862745098039216,0.012009803921568628,0.0840686274509804,0.5454545454545454,0.2987012987012987,032326,53033032326
323.27,158929.0,2042,1945,97,4036,3034,18,0,528,7,35,414,294,120,1108000.0,97,0,7,15,6,0,9,0,10,16,34,0.9524975514201763,0.047502448579823706,0.7517343904856293,0.0044598612487611496,0.13082259663032705,0.0,0.001734390485629336,0.00867195242814668,0.10257680872150644,0.36082474226804123,0.16494845360824742,032327,53033032327
323.28,232179.0,1068,1032,36,3140,2027,0,8,690,0,88,327,76,251,1547000.0,36,0,12,0,0,0,0,14,0,6,4,0.9662921348314607,0.033707865168539325,0.6455414012738854,0.0,0.2197452229299363,0.0025477707006369425,0.0,0.02802547770700637,0.10414012738853504,0.5555555555555556,0.16666666666666666,032328,53033032328
323.30,155462.0,3093,694,2399,5970,2669,281,0,2330,0,130,560,293,267,950100.0,2399,154,335,441,221,255,110,322,144,357,60,0.22437762689945037,0.7756223731005496,0.4470686767169179,0.047068676716917925,0.39028475711892796,0.0,0.0,0.021775544388609715,0.09380234505862646,0.38891204668611923,0.1488120050020842,032330,53033032330
323.31,149657.0,4090,86,4004,6712,3123,252,0,2581,56,156,544,256,288,750000.0,4004,485,606,789,732,343,235,15,343,390,66,0.021026894865525673,0.9789731051344743,0.4652860548271752,0.037544696066746125,0.3845351609058403,0.0,0.00834326579261025,0.023241954707985697,0.08104886769964244,0.24550449550449552,0.09740259740259741,032331,53033032331
323.32,236597.0,2025,1314,711,6198,2282,343,30,3169,0,0,374,238,136,1215000.0,711,0,220,80,49,87,43,0,33,151,48,0.6488888888888888,0.3511111111111111,0.3681832849306228,0.055340432397547594,0.5112939657954179,0.00484027105517909,0.0,0.0,0.060342045821232655,0.31926863572433195,0.21237693389592124,032332,53033032332
323.33,167917.0,1251,891,360,3722,1635,159,11,1496,0,64,357,200,157,1078400.0,360,0,1,32,10,0,17,30,82,188,0,0.7122302158273381,0.28776978417266186,0.43927995701235895,0.04271896829661472,0.40193444384739385,0.002955400322407308,0.0,0.017195056421278884,0.09591617409994627,0.8805555555555555,0.5222222222222223,032333,53033032333
324.01,158555.0,2267,1953,314,6246,4578,20,0,620,0,81,947,551,396,819100.0,314,0,8,60,0,0,40,0,28,127,51,0.8614909572121747,0.13850904278782533,0.7329490874159462,0.003202049311559398,0.09926352865834134,0.0,0.0,0.012968299711815562,0.1516170349023375,0.6210191082802548,0.40445859872611467,032401,53033032401
324.02,182813.0,2469,2240,229,7762,5727,30,67,571,0,618,749,494,255,838600.0,229,0,55,0,0,0,0,0,10,78,86,0.907249898744431,0.09275010125556905,0.7378253027570214,0.0038649832517392425,0.07356351455810359,0.008631795928884307,0.0,0.07961865498582839,0.09649574851842309,0.38427947598253276,0.3406113537117904,032402,53033032402
325,178080.0,2085,1928,157,6160,4814,108,8,356,0,154,720,333,387,969000.0,157,0,0,38,18,26,0,23,0,30,22,0.9247002398081535,0.07529976019184652,0.7814935064935065,0.01753246753246753,0.05779220779220779,0.0012987012987012987,0.0,0.025,0.11688311688311688,0.3375796178343949,0.1910828025477707,032500,53033032500
326.01,187917.0,913,788,125,2266,1972,0,0,36,0,0,258,92,166,1036300.0,125,4,9,23,10,22,0,11,0,8,38,0.8630887185104053,0.13691128148959475,0.8702559576345984,0.0,0.01588702559576346,0.0,0.0,0.0,0.11385701676963812,0.152,0.064,032601,53033032601
326.03,,1392,1301,91,4171,3272,0,9,627,0,19,244,58,186,1241400.0,91,39,0,9,8,0,12,0,0,17,6,0.9346264367816092,0.0653735632183908,0.7844641572764325,0.0,0.15032366339007433,0.002157755933828818,0.0,0.004555262526971949,0.0584991608726924,0.31868131868131866,0.18681318681318682,032603,53033032603
326.04,198526.0,2045,1772,273,5660,3729,128,0,1028,0,168,607,94,513,907800.0,273,0,18,43,100,52,11,29,8,12,0,0.8665036674816626,0.1334963325183374,0.6588339222614841,0.022614840989399292,0.18162544169611308,0.0,0.0,0.029681978798586573,0.10724381625441697,0.21978021978021978,0.04395604395604396,032604,53033032604
326.05,201694.0,1281,1102,179,4308,3808,34,29,235,0,7,195,20,175,939300.0,179,6,44,13,50,17,25,0,0,11,13,0.8602654176424668,0.13973458235753317,0.8839368616527391,0.007892293407613741,0.054549675023212625,0.006731662024141133,0.0,0.0016248839368616526,0.04526462395543175,0.2011173184357542,0.061452513966480445,032605,53033032605
327.03,119655.0,738,472,266,1821,1627,0,0,106,0,9,79,31,48,789200.0,266,4,28,9,5,70,54,65,13,0,18,0.6395663956639567,0.3604336043360434,0.8934651290499726,0.0,0.058209774848984076,0.0,0.0,0.004942339373970346,0.043382756727073035,0.49624060150375937,0.0,032703,53033032703
327.04,171544.0,2937,2347,590,7938,5779,0,151,463,21,452,1072,434,638,998100.0,590,0,103,53,2,78,89,0,55,210,0,0.7991147429349676,0.20088525706503235,0.7280171327790376,0.0,0.05832703451751071,0.019022423784328547,0.0026455026455026454,0.056941295036533134,0.13504661123708742,0.6,0.3559322033898305,032704,53033032704
327.05,175827.0,1281,1051,230,3520,2867,0,18,184,0,0,451,241,210,832200.0,230,17,60,17,13,31,0,0,51,41,0,0.8204527712724434,0.1795472287275566,0.8144886363636363,0.0,0.05227272727272727,0.005113636363636364,0.0,0.0,0.128125,0.4,0.1782608695652174,032705,53033032705
327.06,181563.0,874,809,65,2627,2122,75,3,112,0,113,202,92,110,862900.0,65,0,12,5,8,0,0,0,10,30,0,0.9256292906178489,0.07437070938215103,0.8077655119908641,0.02854967643700038,0.0426341834792539,0.0011419870574800152,0.0,0.04301484583174724,0.07689379520365436,0.6153846153846154,0.46153846153846156,032706,53033032706
328,123750.0,994,887,107,2365,2149,24,5,12,0,19,156,101,55,882000.0,107,2,5,7,14,33,34,0,0,3,9,0.892354124748491,0.10764587525150905,0.9086680761099366,0.01014799154334038,0.00507399577167019,0.0021141649048625794,0.0,0.008033826638477801,0.06596194503171247,0.34579439252336447,0.028037383177570093,032800,53033032800
9901,,0,0,0,0,0,0,0,0,0,0,0,0,0,,0,0,0,0,0,0,0,0,0,0,0,,,,,,,,,,,,990100,53033990100
